source,name,target,match_score
/arzt/annaberg-buchholz/diplmed-mario-meinig-annaberg-buchholz,Dipl.Med. Mario Meinig,https://navoria.de/praxis/annaberg-buchholz/dipl-med-mario-meinig-lXFjWM,0.98
/arzt/annaberg-buchholz/herr-dr-med-jrgen-schulze-annaberg-buchholz,Herr Dr. med. Jürgen Schulze,https://navoria.de/praxis/annaberg-buchholz/herr-dr-med-juergen-schulze-xkrJNM,0.98
/arzt/apolda/dr-med-stefan-teweleit-fa-innere-medizin-apolda,"Dr. med. Stefan Teweleit, FA Innere Medizin",https://navoria.de/praxis/apolda/dr-med-stefan-teweleit-fa-innere-medizin-YIympU,0.98
/arzt/backnang/martina-aggensteiner-backnang,Martina Aggensteiner,https://navoria.de/praxis/backnang/martina-aggensteiner-0HrXA4,0.98
/arzt/bautzen/dr-med-markus-hentschel-bautzen,Dr. med. Markus Hentschel,https://navoria.de/praxis/bautzen/dr-med-markus-hentschel-0QxrAE,0.98
/arzt/bernau-bei-berlin/frau-dipl-med-carola-becher,Frau Dipl.-Med. Carola Becher,https://navoria.de/praxis/bernau-bei-berlin/frau-dipl-med-carola-becher-UPP0w8,0.98
/arzt/burgwedel/drmed-dorothee-kiwit-putzer-burgwedel,Dr.med. Dorothee Kiwit-Putzer,https://navoria.de/praxis/burgwedel/dr-med-dorothee-kiwit-putzer-FUxm70,0.98
/arzt/coburg/dr-jaweed-abo-shawish,AboShawish Jaweed,https://navoria.de/praxis/coburg/aboshawish-jaweed-ZkDo6c,0.98
/arzt/eberbach/dr-dietger-schwittayy-eberbach,Dr. Dietger Schwittay,https://navoria.de/praxis/eberbach/dr-dietger-schwittay-HQG9tg,0.98
/arzt/erkner/thorsten-kruse-facharzt-fuer-innere-medizin-8836,Thorsten Kruse Facharzt für Innere Medizin,https://navoria.de/praxis/woltersdorf/thorsten-kruse-facharzt-fuer-innere-medizin-RuEqb8,0.98
/arzt/erkrath/frau-dr-med-maria-rita-langhorst-erkrath,Frau Dr. med. Maria-Rita Langhorst,https://navoria.de/praxis/erkrath/frau-dr-med-maria-rita-langhorst-7S8DHQ,0.98
/arzt/erndtebrueck/praxis-said-moshref-erndtebrck,Praxis Said Moshref,https://navoria.de/praxis/erndtebrueck/praxis-said-moshref-HJwZYc,0.98
/arzt/eschwege/herr-dr-med-roman-ergang-eschwege,Herr Dr. med. Roman Ergang,https://navoria.de/praxis/eschwege/herr-dr-med-roman-ergang-ILZ3D8,0.98
/arzt/finsterwalde/dr-med-astrid-knfel-finsterwalde,Dr. med. Astrid Knöfel,https://navoria.de/praxis/finsterwalde/dr-med-astrid-knoefel-rBKyB0,0.98
/arzt/freiberg/herr-dr-med-thomas-morgner-freiberg,Herr Dr. med. Thomas Morgner,https://navoria.de/praxis/freiberg/herr-dr-med-thomas-morgner-pbcWJk,0.98
/arzt/gaggenau/herr-dr-med-till-grtschla-gaggenau,Herr Dr. med. Till Grötschla,https://navoria.de/praxis/gaggenau/herr-dr-med-till-groetschla-ZTjwIs,0.98
/arzt/geilenkirchen/dr-kian-tajrobehkar-geilenkirchen,Dr. Kian Tajrobehkar,https://navoria.de/praxis/geilenkirchen/dr-kian-tajrobehkar-5cgcJ8,0.98
/arzt/katzhuette/drmed-gudrun-kolitsch-fachrztin-fr-innere-medizin-und-rheumatologie-katzhtte,Dr.med. Gudrun Kolitsch Fachärztin für Innere Medizin und Rheumatologie,https://navoria.de/praxis/katzhuette/dr-med-gudrun-kolitsch-fachaerztin-fuer-innere-medizin-und-rheumatolog,0.98
/arzt/korbach/herr-walter-brggemann-korbach,Herr Walter Brüggemann,https://navoria.de/praxis/korbach/herr-walter-brueggemann-kJR5SI,0.98
/arzt/landau/dr-med-bettina-eckhardt-landau,Dr. med. Bettina Eckhardt,https://navoria.de/praxis/landau-an-der-isar/dr-med-bettina-eckhardt-Dvgffs,0.98
/arzt/loebau/dipl-med-anke-siegert-lbau,Dipl. med. Anke Siegert,https://navoria.de/praxis/loebau/dipl-med-anke-siegert-86f3vU,0.98
/arzt/loebau/herr-dipl-med-helmer-hache-lbau,Herr Dipl.-Med. Helmer Hache,https://navoria.de/praxis/loebau/herr-dipl-med-helmer-hache-0sYbv4,0.98
/arzt/lohr/herr-dr-med-dirk-trautvetter-lohr,Herr Dr. med. Dirk Trautvetter,https://navoria.de/praxis/lohr-am-main/herr-dr-med-dirk-trautvetter-832ebM,0.98
/arzt/luedenscheid/herr-dr-med-dietrich-kmpfe-ldenscheid,Herr Dr. med. Dietrich Kämpfe,https://navoria.de/praxis/luedenscheid/herr-dr-med-dietrich-kaempfe-oPVGPA,0.98
/arzt/munster/dr-susanne-hrter-munster,Dr. Susanne Härter,https://navoria.de/praxis/munster/dr-susanne-haerter-8IoPqI,0.98
/arzt/schwalmstadt/drmed-frank-hellmann-schwalmstadt,Dr.med. Frank Hellmann,https://navoria.de/praxis/schwalmstadt/dr-med-frank-hellmann-52lD0s,0.98
/arzt/schwedtoder/praxisgemeinschaft-fr-urologie-zenk-roszyk-schwedtoder,Praxisgemeinschaft für Urologie Zenk & Roszyk,https://navoria.de/praxis/schwedt-oder/praxisgemeinschaft-fuer-urologie-zenk-roszyk-YZMp4o,0.98
/arzt/sondershausen/dr-clemens-witzenhausen-sondershausen,Dr. Clemens Witzenhausen,https://navoria.de/praxis/sondershausen/dr-clemens-witzenhausen-i8yqLI,0.98
/augenarzt/balve/dr-med-theodor-vorhoff-balve,Dr. med. Theodor Vorhoff,https://navoria.de/praxis/balve/dr-med-theodor-vorhoff-4L_Q4k,0.98
/augenarzt/eggenfelden/dr-med-jan-wacker-eggenfelden,MVZ Simbach - Filiale Eggenfelden,https://navoria.de/praxis/eggenfelden/mvz-simbach-filiale-eggenfelden-bUjgfc,0.98
/augenarzt/frankenbergsachsen/dr-ute-hunger-frankenbergsachsen,Dr. Ute Hunger,https://navoria.de/praxis/frankenberg-sachsen/dr-ute-hunger-f7mTjE,0.98
/augenarzt/fritzlar/drmed-jrg-bgeholz-fritzlar,Dr.med. Jörg Bögeholz,https://navoria.de/praxis/fritzlar/dr-med-joerg-boegeholz-Px37n8,0.98
/augenarzt/montabaur/dr-med-christhoper-hagelauer-montabaur,Dr. Hagelauer - Augenarzt Montabaur,https://navoria.de/praxis/montabaur/dr-hagelauer-augenarzt-montabaur-38hS8I,0.98
/augenarzt/schneeberg/herr-dr-med-thomas-windisch-schneeberg,Herr Dr. med. Thomas Windisch,https://navoria.de/praxis/schneeberg/herr-dr-med-thomas-windisch-jh7Cqg,0.98
/augenarzt/versmold/dr-nicola-buch-pleitner-versmold,Dr. Nicola Buch-Pleitner,https://navoria.de/praxis/versmold/dr-nicola-buch-pleitner-Vi4TDw,0.98
/augenarzt/weisswasseroberlausitz/dr-med-birgit-mder-weiwasseroberlausitz,Dr. med. Birgit Mäder,https://navoria.de/praxis/weisswasser-oberlausitz/dr-med-birgit-maeder-g8I2kk,0.98
/frauenarzt/landau/frauenarztpraxis-natalya-klassen-landau,Frauenarztpraxis Natalya Klassen,https://navoria.de/praxis/landau-an-der-isar/frauenarztpraxis-natalya-klassen-v_zQC8,0.98
/frauenarzt/oberndorf/ildiko-husar-fachrztin-fr-frauenheilkunde-und-geburtshilfe-oberndorf,Ildiko Husar Fachärztin für Frauenheilkunde und Geburtshilfe,https://navoria.de/praxis/oberndorf-am-neckar/ildiko-husar-fachaerztin-fuer-frauenheilkunde-und-geburtshilfe-Ndm_KY,0.98
/hausarzt/ahaus/dr-barbara-tielkes-ahaus,Dr. Barbara Tielkes,https://navoria.de/praxis/ahaus/dr-barbara-tielkes-4DQfWc,0.98
/hausarzt/altdorf/internistische-praxis-dr-brix-fischer-und-langer-altdorf,Internistische Praxis Dr. Brix Fischer und Langer,https://navoria.de/praxis/altdorf-bei-nuernberg/internistische-praxis-dr-brix-fischer-und-langer-BB9BB4,0.98
/hausarzt/angermuende/frau-dr-med-ursel-jarchow-angermnde,Frau Dr. med. Ursel Jarchow,https://navoria.de/praxis/angermuende/frau-dr-med-ursel-jarchow-kWArS0,0.98
/hausarzt/ansbach/dr-med-ulrike-may-ansbach,Dr. med. Ulrike May,https://navoria.de/praxis/ansbach/dr-med-ulrike-may-Hy90mE,0.98
/hausarzt/bad-muenstereifel/dr-thomas-kleinfeld-7663,Dr. Thomas Kleinfeld,https://navoria.de/praxis/bad-muenstereifel/dr-thomas-kleinfeld-6WtcwI,0.98
/hausarzt/bad-rappenau/anna-friederike-hund,Anna Friederike Hund,https://navoria.de/praxis/bad-rappenau/anna-friederike-hund-brT0YE,0.98
/hausarzt/bad-waldsee/herr-dr-hc-ulf-michael-deckers,Herr Dr. h.c. Ulf Michael Deckers,https://navoria.de/praxis/bad-waldsee/herr-dr-h-c-ulf-michael-deckers-BQP1Gk,0.98
/hausarzt/bad-wildungen/dr-med-anneli-freitag-schickram,Dr. med. Anneli Freitag-Schickram,https://navoria.de/praxis/bad-wildungen/dr-med-anneli-freitag-schickram-vLu2l0,0.98
/hausarzt/bad-wurzach/dr-bernd-lindenmaier-bad,Dr. Bernd Lindenmaier,https://navoria.de/praxis/bad-wurzach/dr-bernd-lindenmaier-7oSaKU,0.98
/hausarzt/bad/herr-dr-med-rainer-eisele-bad,Herr Dr. med. Rainer Eisele,https://navoria.de/praxis/bad-waldsee/herr-dr-med-rainer-eisele-i_f_ko,0.98
/hausarzt/bargteheide/drmedsandra-nagel-bargteheide,Dr.Med.Sandra Nagel,https://navoria.de/praxis/bargteheide/dr-med-sandra-nagel-0jegy0,0.98
/hausarzt/bautzen/dr-med-ekkehard-seeliger-facharzt-fuer-allgemeinmedizin,Dr. med. Ekkehard Seeliger Facharzt für Allgemeinmedizin,https://navoria.de/praxis/bautzen/dr-med-ekkehard-seeliger-facharzt-fuer-allgemeinmedizin-WuWyu4,0.9
/hausarzt/beckum/dr-med-hans-thomas-thompson,Dr. med. Hans-Thomas Thompson,https://navoria.de/praxis/beckum/dr-med-hans-thomas-thompson-LpEESo,0.9
/hausarzt/beelitz/frau-dipl-med-ramona-wendland-beelitz,Frau Dipl.-Med. Ramona Wendland,https://navoria.de/praxis/beelitz/frau-dipl-med-ramona-wendland-Ic8OZw,0.98
/hausarzt/berlin/dr-mehdi-rafii-berlin,Dr. Mehdi Rafii,https://navoria.de/praxis/berlin/dr-mehdi-rafii-hWB6jo,0.98
/hausarzt/betzdorf/drmed-rainer-banzhaf-facharzt-fr-allgemeinmedizin-betzdorf,Dr.med. Rainer Banzhaf Facharzt für Allgemeinmedizin,https://navoria.de/praxis/betzdorf/dr-med-rainer-banzhaf-facharzt-fuer-allgemeinmedizin-mpkUns,0.98
/hausarzt/biedenkopf/olessja-mrz-praxis-fr-allgemeinmedizin-biedenkopf,Olessja März Praxis für Allgemeinmedizin,https://navoria.de/praxis/biedenkopf/olessja-maerz-praxis-fuer-allgemeinmedizin-YNGO9k,0.98
/hausarzt/blankenburg-harz/dipl-med-rene-giesel-5452,Dipl.-Med. Rene Giesel,https://navoria.de/praxis/blankenburg-harz/dipl-med-rene-giesel-dVofIA,0.98
/hausarzt/bobingen/hausarzt-praxis-herr-alexander-eisinger-9087,Hausarzt Praxis Herr Alexander Eisinger,https://navoria.de/praxis/bobingen/hausarzt-praxis-herr-alexander-eisinger-NB78xI,0.9
/hausarzt/boeblingen/dr-iavorschi-bblingen,Dr. Iavorschi,https://navoria.de/praxis/boeblingen/dr-iavorschi-fYt1pQ,0.98
/hausarzt/borken-hessen/dr-med-sabine-hess-fachaerztin-f-allgemeinmedizin-2076,Dr. med. Sabine Heß Fachärztin f. Allgemeinmedizin,https://navoria.de/praxis/borken-hessen/dr-med-sabine-hess-fachaerztin-f-allgemeinmedizin-aakgnQ,0.98
/hausarzt/borken/drmed-pler-bernhard-borken,Dr.med. Päßler Bernhard,https://navoria.de/praxis/borken/dr-med-paessler-bernhard-1lddbE,0.98
/hausarzt/bramsche/herr-dr-medic-imf-klausenburg-gavrila-urlea-albert-bramsche,Herr Dr. medic. (IMF Klausenburg) Gavrila Urlea-Albert,https://navoria.de/praxis/bramsche/herr-dr-medic-imf-klausenburg-gavrila-urlea-albert-TT8Mw0,0.98
/hausarzt/bruehl/frau-eugenie-peters-brhl,Frau Eugenie Peters,https://navoria.de/praxis/bruehl/frau-eugenie-peters-htV5b0,0.98
/hausarzt/buchen-odenwald/herr-helmut-koenig-5360,Herr Helmut König,https://navoria.de/praxis/buchen-odenwald/herr-helmut-koenig-kSYPy8,0.98
/hausarzt/bueren/dr-pikrun-bren,Dr. Pikrun,https://navoria.de/praxis/bueren/dr-pikrun-WNIwrI,0.98
/hausarzt/burghausen/herr-dr-med-christian-schweinberger-burghausen,Herr Dr. med. Christian Schweinberger,https://navoria.de/praxis/burghausen/herr-dr-med-christian-schweinberger-Te6A1s,0.98
/hausarzt/castrop-rauxel/andrey-nefedev-julia-carolin-nefedev-castrop-rauxel,"Andrey Nefedev, Julia Carolin Nefedev",https://navoria.de/praxis/castrop-rauxel/andrey-nefedev-julia-carolin-nefedev-Q2apQk,0.98
/hausarzt/celle/frau-dr-med-gisela-winterhoff-celle,Frau Dr. med. Gisela Winterhoff,https://navoria.de/praxis/celle/frau-dr-med-gisela-winterhoff-WDOhbg,0.98
/hausarzt/clausthal-zellerfeld/frau-dr-med-friederike-bahr-clausthal-zellerfeld,Frau Dr. med. Friederike Bahr,https://navoria.de/praxis/clausthal-zellerfeld/frau-dr-med-friederike-bahr-ffb0nI,0.98
/hausarzt/cloppenburg/arztpraxis-tatjana-tissen-und-katharina-inomjonov-cloppenburg,Arztpraxis Tatjana Tissen und Katharina Inomjonov,https://navoria.de/praxis/cloppenburg/arztpraxis-tatjana-tissen-und-katharina-inomjonov-BkiuXw,0.98
/hausarzt/cloppenburg/drmed-holger-laing-cloppenburg,Dr.med. Holger Laing,https://navoria.de/praxis/cloppenburg/dr-med-holger-laing-QBvQmk,0.98
/hausarzt/coswig/dipl-med-maren-schumann-coswig,Dipl.-Med. Maren Schumann,https://navoria.de/praxis/coswig-anhalt/dipl-med-maren-schumann-kofDnI,0.98
/hausarzt/crailsheim/gemeinschaftspraxis-ulrich-rupp-florian-setzer,Gemeinschaftspraxis Ulrich Rupp & Florian Setzer,https://navoria.de/praxis/crailsheim/gemeinschaftspraxis-ulrich-rupp-florian-setzer-XTt3zQ,0.98
/hausarzt/crailsheim/herr-dr-gerhard-slavetinsky,Herr Dr. Gerhard Slavetinsky,https://navoria.de/praxis/crailsheim/herr-dr-gerhard-slavetinsky-RyO8HE,0.98
/hausarzt/cuxhaven/herr-dr-med-roland-hartwig-cuxhaven,Herr Dr. med. Roland Hartwig,https://navoria.de/praxis/cuxhaven/herr-dr-med-roland-hartwig-HvFjtw,0.98
/hausarzt/delitzsch/dr-med-gerald-eckhardt-delitzsch,Pneumologenzentrum Dr. med. Gerald Eckhardt,https://navoria.de/praxis/delitzsch/pneumologenzentrum-dr-med-gerald-eckhardt-AKgefI,0.98
/hausarzt/ebersbach/frau-dr-med-danijela-arizanovic-ebersbach,Frau Dr. med. Danijela Arizanovic,https://navoria.de/praxis/ebersbach-an-der-fils/frau-dr-med-danijela-arizanovic-6KhZnQ,0.98
/hausarzt/eberswalde/dr-med-konstantin-zellmer-eberswalde,Dr. med. Konstantin Zellmer,https://navoria.de/praxis/eberswalde/dr-med-konstantin-zellmer--QT_Nw,0.98
/hausarzt/ehingen-donau/goetz-kitzig-2066,Götz Kitzig,https://navoria.de/praxis/ehingen-donau/goetz-kitzig-6urE2Q,0.98
/hausarzt/eichstaett/dr-med-margret-bauer-eichsttt,Dr. med. Margret Bauer,https://navoria.de/praxis/eichstaett/dr-med-margret-bauer-L1fwKw,0.98
/hausarzt/eisenach/gemeinschaftspraxis-dr-med-katja-heim-dr-med-univ-neusatz-aleksandar-griesser-aleksic-eisenach,Gemeinschaftspraxis Dr. med Katja Heim & Dr. med. univ. Neusatz Aleksandar Griesser-Aleksic,https://navoria.de/praxis/eisenach/gemeinschaftspraxis-dr-med-katja-heim-dr-med-univ-neusatz-aleksandar-g,0.98
/hausarzt/eisleben/luminita-gutu-fachrztin-fr-inner-medizin-hausrztin-eisleben,Luminita Gutu Fachärztin für Inner Medizin / Hausärztin,https://navoria.de/praxis/eisleben/luminita-gutu-fachaerztin-fuer-inner-medizin-hausaerztin-RvATyw,0.98
/hausarzt/emmerich/herr-dariusz-markowski-emmerich,Herr Dariusz Markowski,https://navoria.de/praxis/emmerich-am-rhein/herr-dariusz-markowski-miiwGY,0.98
/hausarzt/erkelenz/praxis-dr-beate-abuzahra-2652,Praxis Dr. Beate Abuzahra,https://navoria.de/praxis/moenchengladbach/praxis-dr-beate-abuzahra-yxMXx4,0.98
/hausarzt/eschborn/doctor-ivona-djoric-eschborn,Doctor Ivona Djoric,https://navoria.de/praxis/eschborn/doctor-ivona-djoric-4sa4zU,0.98
/hausarzt/euskirchen/dr-med-elsbeth-brammertz-euskirchen,Dr. med. Maximilian Brammertz,https://navoria.de/praxis/euskirchen/dr-med-maximilian-brammertz-yQyDyo,0.98
/hausarzt/falkensee/hausarztpraxis-daniel-bernau-facharzt-fr-allgemeinmedizin-falkensee,Hausarztpraxis - Daniel Bernau - Facharzt für Allgemeinmedizin,https://navoria.de/praxis/falkensee/hausarztpraxis-daniel-bernau-facharzt-fuer-allgemeinmedizin-21_qSU,0.98
/hausarzt/felsberg/frau-dr-med-karin-schte-felsberg,Frau Dr. med. Karin Schüte,https://navoria.de/praxis/felsberg/frau-dr-med-karin-schuete-xuJJG0,0.98
/hausarzt/frankenberg-eder/dr-ulrike-ursula-eckel,Dr. Ulrike Ursula Eckel,https://navoria.de/praxis/frankenberg-eder/dr-ulrike-ursula-eckel-a4KkQQ,0.98
/hausarzt/frankenbergsachsen/herr-dr-med-bernd-hckel-frankenbergsachsen,Herr Dr. med. Bernd Häckel,https://navoria.de/praxis/frankenberg-sachsen/herr-dr-med-bernd-haeckel-HlWNpY,0.98
/hausarzt/frankfurt/dr-med-cpanijel-rath-fachrztin-f-allgemeinmedizin-frankfurt,Dr. med. C.Panijel-Rath Fachärztin f. Allgemeinmedizin,https://navoria.de/praxis/frankfurt-am-main/dr-med-c-panijel-rath-fachaerztin-f-allgemeinmedizin-XB3Tgc,0.98
/hausarzt/frankfurt/frau-dr-med-gabriele-federlein-frankfurt,Frau Dr. med. Gabriele Federlein,https://navoria.de/praxis/frankfurt-oder/frau-dr-med-gabriele-federlein-ORckKc,0.98
/hausarzt/freiberg/herr-dr-med-sigurd-bochmann-freiberg,Herr Dr. med. Sigurd Bochmann,https://navoria.de/praxis/freiberg/herr-dr-med-sigurd-bochmann-1s1PHE,0.98
/hausarzt/freital/dipl-med-kerstin-steinbach-freital,Dipl. Med. Kerstin Steinbach,https://navoria.de/praxis/freital/dipl-med-kerstin-steinbach-IYP0wQ,0.98
/hausarzt/froendenbergruhr/herr-herbert-constapel-frndenbergruhr,Herr Herbert Constapel,https://navoria.de/praxis/froendenberg-ruhr/herr-herbert-constapel-p4N2Yg,0.98
/hausarzt/fuerstenwaldespree/frau-dr-med-brnig-frstenwaldespree,Frau Dr. med. Brünig,https://navoria.de/praxis/fuerstenwalde-spree/frau-dr-med-bruenig-HL14xw,0.98
/hausarzt/gardelegen/diplmed-andreas-brendtner-gardelegen,Dipl.med. Andreas Brendtner,https://navoria.de/praxis/gardelegen/dipl-med-andreas-brendtner-5qiJQA,0.98
/hausarzt/geilenkirchen/herr-dr-med-mathias-jansen-geilenkirchen,Herr Dr. med. Mathias Jansen,https://navoria.de/praxis/geilenkirchen/herr-dr-med-mathias-jansen-yOSCPU,0.98
/hausarzt/geisenheim/dr-karin-pogorzalek-schibalski-geisenheim,Dr Karin Pogorzalek-Schibalski,https://navoria.de/praxis/geisenheim/dr-karin-pogorzalek-schibalski-0qDruk,0.98
/hausarzt/gelnhausen/dr-med-rdiger-werner-fass-gelnhausen,Dr. med. Rüdiger Werner Fass,https://navoria.de/praxis/gelnhausen/dr-med-ruediger-werner-fass-VlUdws,0.98
/hausarzt/geseke/frau-dr-med-ulrike-kleine-geseke,Frau Dr. med. Ulrike Kleine,https://navoria.de/praxis/geseke/frau-dr-med-ulrike-kleine-vHpZDw,0.98
/hausarzt/giengen/praxis-dr-softic-giengen,Praxis Dr. Softic,https://navoria.de/praxis/giengen-an-der-brenz/praxis-dr-softic-zncvVc,0.98
/hausarzt/giessen/herr-dr-med-jrgen-fhrer-gieen,Herr Dr. med. Jürgen Führer,https://navoria.de/praxis/giessen/herr-dr-med-juergen-fuehrer-BuRgI8,0.98
/hausarzt/goerlitz/frau-dr-med-elisabeth-domsgen-grlitz,Frau Dr. med. Elisabeth Domsgen,https://navoria.de/praxis/goerlitz/frau-dr-med-elisabeth-domsgen-9DBXYI,0.98
/hausarzt/goslar/herr-dr-med-andreas-eisenhardt-goslar,Herr Dr. med. Andreas Eisenhardt,https://navoria.de/praxis/goslar/herr-dr-med-andreas-eisenhardt-6TW36Y,0.98
/hausarzt/greifswald/drmed-mathias-meyer-facharzt-fr-allgemeinmedizin-greifswald,Dr.med. Mathias Meyer Facharzt für Allgemeinmedizin,https://navoria.de/praxis/greifswald/dr-med-mathias-meyer-facharzt-fuer-allgemeinmedizin-cZkaYk,0.98
/hausarzt/grevenbroich/frau-monika-plug-gnther-grevenbroich,Frau Monika Plug-Günther,https://navoria.de/praxis/grevenbroich/frau-monika-plug-guenther-fc1ixw,0.98
/hausarzt/gruenberg/herr-dr-med-christian-becker-grnberg,Herr Dr. med. Christian Becker,https://navoria.de/praxis/gruenberg/herr-dr-med-christian-becker-33F81A,0.98
/hausarzt/gruenstadt/dr-med-carsten-blume-grnstadt,Dr. med. Carsten Blume,https://navoria.de/praxis/gruenstadt/dr-med-carsten-blume-SZxIx0,0.98
/hausarzt/gummersbach/dr-med-christiane-sieber-gummersbach,Dr. med. Christiane Sieber,https://navoria.de/praxis/gummersbach/dr-med-christiane-sieber-O3eCwk,0.98
/hausarzt/gummersbach/hausarztpraxis-dr-medicina-d-toma-gummersbach,Hausarztpraxis Dr. (Medicina) D. Toma,https://navoria.de/praxis/gummersbach/hausarztpraxis-dr-medicina-d-toma-yfOEVA,0.98
/hausarzt/haseluenne/drmed-andreas-euler-haselnne,Dr.med. Andreas Euler,https://navoria.de/praxis/haseluenne/dr-med-andreas-euler-1Hz-ys,0.98
/hausarzt/heinsberg/herr-dr-med-ekkehart-walter-heinsberg,Herr Dr. med. Ekkehart Walter,https://navoria.de/praxis/heinsberg/herr-dr-med-ekkehart-walter-gc5jFk,0.98
/hausarzt/hennef/drmed-manfred-maylahn-praktischer-arzt-hennef,Dr.med. Manfred Maylahn Praktischer Arzt,https://navoria.de/praxis/hennef-sieg/dr-med-manfred-maylahn-praktischer-arzt-pUBSeY,0.98
/hausarzt/herzogenrath/dr-med-gabriele-schmeitz-herzogenrath,Dr. med. Gabriele Schmeitz,https://navoria.de/praxis/herzogenrath/dr-med-gabriele-schmeitz-ICrF_w,0.98
/hausarzt/hilchenbach/frau-angela-hartnack-hilchenbach,Frau Angela Hartnack,https://navoria.de/praxis/hilchenbach/frau-angela-hartnack-xBjFDU,0.98
/hausarzt/hofgeismar/gemeinschaftspraxis-trendelburg-hofgeismar,Gemeinschaftspraxis Trendelburg,https://navoria.de/praxis/hofgeismar/gemeinschaftspraxis-trendelburg-8JNv7Y,0.98
/hausarzt/holzgerlingen/dr-med-annemarie-trost-holzgerlingen,Dr. med. Annemarie Trost,https://navoria.de/praxis/holzgerlingen/dr-med-annemarie-trost-Ppyf1Y,0.98
/hausarzt/homberg/drsmed-volker-dittschar-und-andr-otto-homberg,Drs.med Volker Dittschar und André Otto,https://navoria.de/praxis/homberg-efze/drs-med-volker-dittschar-und-andr-otto-g9LPew,0.98
/hausarzt/hueckelhoven/hausarztpraxis-baal-hckelhoven,Hausarztpraxis Baal,https://navoria.de/praxis/hueckelhoven/hausarztpraxis-baal-rsh4Jg,0.98
/hausarzt/itzehoe/hausarztpraxis-aust-itzehoe,Hausarztpraxis Aust,https://navoria.de/praxis/itzehoe/hausarztpraxis-aust-CociwM,0.98
/hausarzt/jessen/dr-med-stefan-kluge-dr-med-dirk-stanitz-jessen,Dr. med. Stefan Kluge & Dr. med. Dirk Stanitz,https://navoria.de/praxis/jessen-elster/dr-med-stefan-kluge-dr-med-dirk-stanitz-dFozRY,0.98
/hausarzt/jever/hausarztpraxis-am-schlo-jever,Hausarztpraxis Am Schloß,https://navoria.de/praxis/jever/hausarztpraxis-am-schloss-pzW9KM,0.98
/hausarzt/jueterbog/dr-kerstin-hckert-jterbog,Dr. Kerstin Höckert,https://navoria.de/praxis/jueterbog/dr-kerstin-hoeckert-BKmhPY,0.98
/hausarzt/landau/praxis-dr-manfred-lehmann-landau,Praxis Dr. Manfred Lehmann,https://navoria.de/praxis/landau-an-der-isar/praxis-dr-manfred-lehmann-F4npTc,0.98
/hausarzt/landsberg/frau-dr-med-doreen-langer-landsberg,Frau Dr. med. Doreen Langer,https://navoria.de/praxis/landsberg/frau-dr-med-doreen-langer-KbaKO4,0.98
/hausarzt/lehrte/dr-med-martin-schick-lehrte,Dr. med. Martin Schick,https://navoria.de/praxis/lehrte/dr-med-martin-schick-1mX1hg,0.98
/hausarzt/leipzig/frau-dr-med-katja-khn-leipzig,Frau Dr. med. Katja Kühn,https://navoria.de/praxis/leipzig/frau-dr-med-katja-kuehn-jCuV-A,0.98
/hausarzt/loebau/praxis-gries-mudr-ohera-lbau,Praxis Gries/ MUDr Ohera,https://navoria.de/praxis/loebau/praxis-gries-mudr-ohera-pTimIQ,0.98
/hausarzt/loeningen/medizinisches-versorgungszhasetal-lningen-lningen,Medizinisches Versorgungsz.Hasetal Löningen,https://navoria.de/praxis/loeningen/medizinisches-versorgungsz-hasetal-loeningen-MaE68M,0.98
/hausarzt/loerrach/allgemeinpraxis-clas-lrrach,Allgemeinpraxis Clas,https://navoria.de/praxis/loerrach/allgemeinpraxis-clas-SUv_CM,0.98
/hausarzt/luedenscheid/herr-dr-med-volker-budde-ldenscheid,Herr Dr. med. Volker Budde,https://navoria.de/praxis/luedenscheid/herr-dr-med-volker-budde-kodJp4,0.98
/hausarzt/mainburg/dr-luitpold-kistler-mainburg,Dr. Luitpold Kistler,https://navoria.de/praxis/mainburg/dr-luitpold-kistler-tH5Vuk,0.98
/hausarzt/mannheim/prof-dr-med-manfred-hensel-mannheim,Prof. Dr. med. Manfred Hensel,https://navoria.de/praxis/mannheim/prof-dr-med-manfred-hensel-HWInMc,0.98
/hausarzt/melsungen/drmed-ulrike-jehle-sinning-melsungen,Dr.med. Ulrike Jehle-Sinning,https://navoria.de/praxis/melsungen/dr-med-ulrike-jehle-sinning-LSeZ9s,0.98
/hausarzt/mittweida/dr-steffen-schreiber-mittweida,Dr Steffen Schreiber,https://navoria.de/praxis/mittweida/dr-steffen-schreiber-EFSN-Y,0.98
/hausarzt/muenchen/praxis-dr-med-qassim-al-saadawi-mnchen,Praxis Dr. med. Qassim Al Saadawi,https://navoria.de/praxis/muenchen/praxis-dr-med-qassim-al-saadawi-s9uZ34,0.98
/hausarzt/muensingen/drmed-martin-brndle-mnsingen,Dr.med. Martin Brändle,https://navoria.de/praxis/muensingen/dr-med-martin-braendle-JrOOuo,0.98
/hausarzt/muenster/prof-dr-med-dr-hc-michael-zitzmann-mnster,Prof Dr med Dr hc Michael Zitzmann,https://navoria.de/praxis/muenster/prof-dr-med-dr-hc-michael-zitzmann-b3cEWU,0.9
/hausarzt/netphen/kinderarztpraxis-turian-westphal-ehemals-koch-netphen,Kinderarztpraxis Turian Westphal (ehemals Koch),https://navoria.de/praxis/netphen/kinderarztpraxis-turian-westphal-ehemals-koch-TQkuvA,0.98
/hausarzt/neuberg/drmed-peter-rdiger-tippe-facharzt-fr-allgemeinmedizin-neuberg,Dr.med. Peter Rüdiger Tippe Facharzt für Allgemeinmedizin,https://navoria.de/praxis/neuberg/dr-med-peter-ruediger-tippe-facharzt-fuer-allgemeinmedizin-8z8CGk,0.98
/hausarzt/neubrandenburg/gemeinschaftspraxis-dr-sren-dreler-dr-gunnar-zinapold-neubrandenburg,Gemeinschaftspraxis Dr. Sören Dreßler & Dr. Gunnar Zinapold,https://navoria.de/praxis/neubrandenburg/gemeinschaftspraxis-dr-soeren-dressler-dr-gunnar-zinapold-Sgd9cM,0.98
/hausarzt/oberndorf/herr-m-d-univ-damaskus-leon-darwisch-oberndorf,Herr M. D. (Univ. Damaskus) Leon Darwisch,https://navoria.de/praxis/oberndorf-am-neckar/herr-m-d-univ-damaskus-leon-darwisch-P2MiNk,0.98
/hausarzt/oehringen/dr-maria-arabela-lupu,HAUSARZT-PRAXIS Doctor-Medic Maria-Arabela Lupu Fachärztin für Allgemeinmedizin,https://navoria.de/praxis/oehringen/hausarzt-praxis-doctor-medic-maria-arabela-lupu-fachaerztin-fuer-allge,0.98
/hausarzt/pattensen/frau-claudia-timm-pattensen,Herr Dr. Schäfer,https://navoria.de/praxis/pattensen/herr-dr-schaefer-BXPBbE,0.98
/hausarzt/petersberg/herr-dr-med-michael-harre-petersberg,Herr Dr. med. Michael Harre,https://navoria.de/praxis/petersberg/herr-dr-med-michael-harre-HxA9mY,0.98
/hausarzt/philippsburg/frau-dr-med-annette-weik-scheurer-philippsburg,Frau Dr. med. Annette Weik-Scheurer,https://navoria.de/praxis/philippsburg/frau-dr-med-annette-weik-scheurer-O-Q4es,0.98
/hausarzt/pinneberg/frau-dr-med-mechthild-tammen-pinneberg,Frau Dr. med. Mechthild Tammen,https://navoria.de/praxis/pinneberg/frau-dr-med-mechthild-tammen-sQJDQ4,0.98
/hausarzt/plochingen/dr-kathrin-herre-plochingen,Dr. Kathrin Herre,https://navoria.de/praxis/plochingen/dr-kathrin-herre-HFdqaI,0.98
/hausarzt/quakenbrueck/frau-dorothee-otte-bick-quakenbrck,Frau Dorothee Otte-Bick,https://navoria.de/praxis/quakenbrueck/frau-dorothee-otte-bick-Tlm98s,0.98
/hausarzt/ravensburg/dr-med-ingrid-schubert-ravensburg,Dr. med. Ingrid Schubert,https://navoria.de/praxis/ravensburg/dr-med-ingrid-schubert-xjxXp0,0.98
/hausarzt/rheda-wiedenbrueck/praxis-m-abou-zeidan-rheda-wiedenbrck,Praxis M. Abou Zeidan,https://navoria.de/praxis/rheda-wiedenbrueck/praxis-m-abou-zeidan-t-Sdxs,0.98
/hausarzt/rottenburg/herr-dr-med-matthias-ehrt-rottenburg,Herr Dr. med. Matthias Ehrt,https://navoria.de/praxis/rottenburg-am-neckar/herr-dr-med-matthias-ehrt-IkuNfo,0.98
/hausarzt/schwerin/dr-med-torsten-dahlmann-schwerin,Dr. med. Torsten Dahlmann,https://navoria.de/praxis/schwerin/dr-med-torsten-dahlmann-eblp8Y,0.98
/hausarzt/schwerin/herr-dipl-med-karsten-reininghaus-schwerin,Herr Dipl.-Med. Karsten Reininghaus,https://navoria.de/praxis/schwerin/herr-dipl-med-karsten-reininghaus-nrdYJQ,0.98
/hausarzt/sendenhorst/dr-udo-hecke-sendenhorst,Dr. Udo Hecke,https://navoria.de/praxis/sendenhorst/dr-udo-hecke-Ob9Q5Y,0.98
/hausarzt/soest/dr-med-barbara-knollmann-soest,Dr. med. Barbara Knollmann,https://navoria.de/praxis/soest/dr-med-barbara-knollmann-fsXC1c,0.98
/hausarzt/sulzbach-rosenberg/claudius-rothbauer-sulzbach-rosenberg,Gemeinschaftspraxis Rothbauer & Dr. Heil,https://navoria.de/praxis/sulzbach-rosenberg/gemeinschaftspraxis-rothbauer-dr-heil-Ck50J8,0.98
/hausarzt/troisdorf/dr-heeg-troisdorf,Dr. Heeg,https://navoria.de/praxis/troisdorf/dr-heeg-2u3K8w,0.98
/hausarzt/versmold/herr-alexander-sinica-versmold,Herr Alexander Sinica,https://navoria.de/praxis/versmold/herr-alexander-sinica-wtM2XE,0.98
/hausarzt/wanzleben-boerde/herr-dr-med-ernst-schoof-wanzleben-brde,Herr Dr. med. Ernst Schoof,https://navoria.de/praxis/wanzleben-boerde/herr-dr-med-ernst-schoof-WMTM2w,0.98
/hausarzt/weimar/dr-med-heiko-filz-weimar,Dr. med. Heiko Filz,https://navoria.de/praxis/weimar/dr-med-heiko-filz-C2Q6c0,0.98
/hausarzt/wiesbaden/herr-olav-heringer-wiesbaden,Onkologe Olav Heringer,https://navoria.de/praxis/wiesbaden/onkologe-olav-heringer-dTi4j8,0.98
/hausarzt/wismar/dr-romy-kujat-wismar,Dr. Romy Kujat,https://navoria.de/praxis/wismar/dr-romy-kujat-xsJ0aE,0.98
/hausarzt/zossen/herr-andreas-leese-zossen,Herr Andreas Leese,https://navoria.de/praxis/zossen/herr-andreas-leese-jQabTU,0.98
/hautarzt/annaberg-buchholz/diana-demmler-fachrztin-fr-haut-und-geschlechtskrankheiten-annaberg-buchholz,Diana Demmler - Fachärztin für Haut- und Geschlechtskrankheiten,https://navoria.de/praxis/annaberg-buchholz/diana-demmler-fachaerztin-fuer-haut-und-geschlechtskrankheiten-hH_Oek,0.98
/hautarzt/bad-segeberg/herr-dr-med-stefan-peker-6982,Herr Dr. med. Stefan Peker,https://navoria.de/praxis/bad-segeberg/herr-dr-med-stefan-peker-7Uh34Y,0.98
/hautarzt/baunatal/frau-dr-med-regina-hahn-baunatal,Frau Dr. med. Regina Hahn,https://navoria.de/praxis/baunatal/frau-dr-med-regina-hahn-3F01ZI,0.98
/hautarzt/berlin/hautarztpraxis-rahaf-ali,Hautarztpraxis Rahaf Ali,https://navoria.de/praxis/berlin/hautarztpraxis-rahaf-ali-oNKqJ0,0.98
/hno-arzt/lorsch/hno-praxis-lorsch-dr-med-sabine-weiss-lorsch,HNO Praxis Lorsch - Dr. med. Sabine Weiss,https://navoria.de/praxis/lorsch/hno-praxis-lorsch-dr-med-sabine-weiss-cS9LlY,0.98
/kinderarzt/erbach/frau-dr-med-romy-schreck-erbach,Frau Dr. med. Romy Schreck,https://navoria.de/praxis/erbach/frau-dr-med-romy-schreck-tlbRLc,0.98
/kinderarzt/isny/dr-med-alexander-moch-isny,Dr. med. Alexander Moch,https://navoria.de/praxis/isny-im-allgaeu/dr-med-alexander-moch-bGyXkY,0.98
/orthopaede/frankenbergsachsen/drmed-ellen-barth-frankenbergsachsen,Dr.med. Ellen Barth,https://navoria.de/praxis/frankenberg-sachsen/dr-med-ellen-barth-59-KWw,0.98
/orthopaede/frankenbergsachsen/herr-dr-med-dirk-harlos-frankenbergsachsen,Herr Dr. med. Dirk Harlos,https://navoria.de/praxis/frankenberg-sachsen/herr-dr-med-dirk-harlos-aMJLQo,0.98
/orthopaede/luckenwalde/dr-med-bettina-kuehne,Dr. med. Bettina Kühne,https://navoria.de/praxis/luckenwalde/dr-med-bettina-kuehne-2lEqAM,0.98
/orthopaede/olsberg/dr-med-bernd-j-kamitter-olsberg,Dr. med. Bernd J. Kamitter,https://navoria.de/praxis/olsberg/dr-med-bernd-j-kamitter-0_qtAI,0.98
/orthopaede/ottweiler/drmed-axel-wolf-facharzt-fr-orthopdie-ottweiler,Dr.med. Axel Wolf Facharzt für Orthopädie,https://navoria.de/praxis/ottweiler/dr-med-axel-wolf-facharzt-fuer-orthopaedie-0aZa_g,0.98
/orthopaede/selb/herr-dr-med-detlef-phlmann-selb,Herr Dr. med. Detlef Pöhlmann,https://navoria.de/praxis/selb/herr-dr-med-detlef-poehlmann-RcmGeU,0.98
/orthopaede/wernigerode/dr-med-christian-gottwald-wernigerode,Dr. med. Christian Gottwald,https://navoria.de/praxis/wernigerode/dr-med-christian-gottwald-kUPbmc,0.98
/zahnarzt/ansbach/dr-med-dent-hubert-gradl-ansbach,Dr. med. dent. Hubert Gradl,https://navoria.de/praxis/ansbach/dr-med-dent-hubert-gradl-g5fB54,0.98
/zahnarzt/asslar/herr-dr-ulrich-muskat-alar,Herr Dr. Ulrich Muskat,https://navoria.de/praxis/asslar/herr-dr-ulrich-muskat-Lo5K60,0.98
/zahnarzt/bad/herr-dr-ernst-georg-schwerdtfeger-bad,Herr Dr. Ernst-Georg Schwerdtfeger,https://navoria.de/praxis/bad-arolsen/herr-dr-ernst-georg-schwerdtfeger-MdHcA0,0.98
/zahnarzt/frankenbergsachsen/dr-med-dent-sybille-wetzig-frankenbergsachsen,Dr. med. dent. Sybille Wetzig,https://navoria.de/praxis/frankenberg-sachsen/dr-med-dent-sybille-wetzig-tWOAQo,0.98
/zahnarzt/landau/frau-prof-dr-med-dent-claudia-reicheneder-landau,Kieferorthopädie Landau Prof. Dr. Claudia Reicheneder,https://navoria.de/praxis/landau-an-der-isar/kieferorthopaedie-landau-prof-dr-claudia-reicheneder-XVt15E,0.98
