source,target,name,status,verified,dedupe_by,match_score,reason
/arzt/annaberg-buchholz/diplmed-mario-meinig-annaberg-buchholz,https://navoria.de/praxis/annaberg-buchholz/dipl-med-mario-meinig-lXFjWM,Dipl.Med. Mario Meinig,PLACES_IMPORTED_NEW,yes,,0.98,
/arzt/annaberg-buchholz/herr-dr-med-jrgen-schulze-annaberg-buchholz,https://navoria.de/praxis/annaberg-buchholz/herr-dr-med-juergen-schulze-xkrJNM,Herr Dr. med. Jürgen Schulze,PLACES_IMPORTED_NEW,yes,,0.98,
/arzt/apolda/dr-med-stefan-teweleit-fa-innere-medizin-apolda,https://navoria.de/praxis/apolda/dr-med-stefan-teweleit-fa-innere-medizin-YIympU,"Dr. med. Stefan Teweleit, FA Innere Medizin",PLACES_IMPORTED_NEW,yes,,0.98,
/arzt/backnang/martina-aggensteiner-backnang,https://navoria.de/praxis/backnang/martina-aggensteiner-0HrXA4,Martina Aggensteiner,PLACES_IMPORTED_NEW,yes,,0.98,
/arzt/bautzen/dr-med-markus-hentschel-bautzen,https://navoria.de/praxis/bautzen/dr-med-markus-hentschel-0QxrAE,Dr. med. Markus Hentschel,PLACES_IMPORTED_NEW,yes,,0.98,
/arzt/bernau-bei-berlin/frau-dipl-med-carola-becher,https://navoria.de/praxis/bernau-bei-berlin/frau-dipl-med-carola-becher-UPP0w8,Frau Dipl.-Med. Carola Becher,PLACES_IMPORTED_NEW,yes,,0.98,
/arzt/burgwedel/drmed-dorothee-kiwit-putzer-burgwedel,https://navoria.de/praxis/burgwedel/dr-med-dorothee-kiwit-putzer-FUxm70,Dr.med. Dorothee Kiwit-Putzer,PLACES_IMPORTED_NEW,yes,,0.98,
/arzt/coburg/dr-jaweed-abo-shawish,https://navoria.de/praxis/coburg/aboshawish-jaweed-ZkDo6c,AboShawish Jaweed,PLACES_IMPORTED_NEW,yes,,0.98,
/arzt/duesseldorf/dr-med-jrg-wienke-dsseldorf,https://navoria.de/praxis/duesseldorf/dr-med-joerg-wienke-Wb875s,Dr. med. Jörg Wienke,MATCHED_PHASE2,yes,,,street+plz+name
/arzt/eberbach/dr-dietger-schwittayy-eberbach,https://navoria.de/praxis/eberbach/dr-dietger-schwittay-HQG9tg,Dr. Dietger Schwittay,PLACES_IMPORTED_NEW,yes,,0.98,
/arzt/erkner/thorsten-kruse-facharzt-fuer-innere-medizin-8836,https://navoria.de/praxis/woltersdorf/thorsten-kruse-facharzt-fuer-innere-medizin-RuEqb8,Thorsten Kruse Facharzt für Innere Medizin,PLACES_IMPORTED_NEW,yes,,0.98,
/arzt/erkrath/frau-dr-med-maria-rita-langhorst-erkrath,https://navoria.de/praxis/erkrath/frau-dr-med-maria-rita-langhorst-7S8DHQ,Frau Dr. med. Maria-Rita Langhorst,PLACES_IMPORTED_NEW,yes,,0.98,
/arzt/erndtebrueck/praxis-said-moshref-erndtebrck,https://navoria.de/praxis/erndtebrueck/praxis-said-moshref-HJwZYc,Praxis Said Moshref,PLACES_IMPORTED_NEW,yes,,0.98,
/arzt/eschwege/herr-dr-med-roman-ergang-eschwege,https://navoria.de/praxis/eschwege/herr-dr-med-roman-ergang-ILZ3D8,Herr Dr. med. Roman Ergang,PLACES_IMPORTED_NEW,yes,,0.98,
/arzt/esslingen-am-neckar/herr-dr-med-georg-mayer,https://navoria.de/praxis/esslingen-am-neckar/herr-dr-med-georg-mayer-AbyyC0,Herr Dr. med. Georg Mayer,MATCHED_PHASE2,yes,,,street+plz+name
/arzt/esslingen-am-neckar/herr-dr-med-stefan-waldenmaier,https://navoria.de/praxis/esslingen-am-neckar/herr-dr-med-stefan-waldenmaier-Uv3Zls,Herr Dr. med. Stefan Waldenmaier,MATCHED_PHASE2,yes,,,street+plz+name
/arzt/finsterwalde/dr-med-astrid-knfel-finsterwalde,https://navoria.de/praxis/finsterwalde/dr-med-astrid-knoefel-rBKyB0,Dr. med. Astrid Knöfel,PLACES_IMPORTED_NEW,yes,,0.98,
/arzt/flensburg/drcarolin-langhanke-dr-christina-brombacher-flensburg,https://navoria.de/praxis/flensburg/drcarolin-langhanke-dr-christina-brombacher-1phW1o,Dr.Carolin Langhanke & Dr. Christina Brombacher,MATCHED_PHASE2,yes,,,street+plz+name
/arzt/freiberg/herr-dr-med-thomas-morgner-freiberg,https://navoria.de/praxis/freiberg/herr-dr-med-thomas-morgner-pbcWJk,Herr Dr. med. Thomas Morgner,PLACES_IMPORTED_NEW,yes,,0.98,
/arzt/gaggenau/herr-dr-med-till-grtschla-gaggenau,https://navoria.de/praxis/gaggenau/herr-dr-med-till-groetschla-ZTjwIs,Herr Dr. med. Till Grötschla,PLACES_IMPORTED_NEW,yes,,0.98,
/arzt/geilenkirchen/dr-kian-tajrobehkar-geilenkirchen,https://navoria.de/praxis/geilenkirchen/dr-kian-tajrobehkar-5cgcJ8,Dr. Kian Tajrobehkar,PLACES_IMPORTED_NEW,yes,,0.98,
/arzt/holzgerlingen/dr-med-dagmar-hofsss-bock-holzgerlingen,https://navoria.de/praxis/holzgerlingen/dr-med-dagmar-hofsaess-bock-i8xtEk,Dr. med. Dagmar Hofsäss-Bock,MATCHED_PHASE2,yes,,,street+plz+name
/arzt/katzhuette/drmed-gudrun-kolitsch-fachrztin-fr-innere-medizin-und-rheumatologie-katzhtte,https://navoria.de/praxis/katzhuette/dr-med-gudrun-kolitsch-fachaerztin-fuer-innere-medizin-und-rheumatolog,Dr.med. Gudrun Kolitsch Fachärztin für Innere Medizin und Rheumatologie,PLACES_IMPORTED_NEW,yes,,0.98,
/arzt/korbach/herr-walter-brggemann-korbach,https://navoria.de/praxis/korbach/herr-walter-brueggemann-kJR5SI,Herr Walter Brüggemann,PLACES_IMPORTED_NEW,yes,,0.98,
/arzt/landau/dr-med-bettina-eckhardt-landau,https://navoria.de/praxis/landau-an-der-isar/dr-med-bettina-eckhardt-Dvgffs,Dr. med. Bettina Eckhardt,PLACES_IMPORTED_NEW,yes,,0.98,
/arzt/loebau/dipl-med-anke-siegert-lbau,https://navoria.de/praxis/loebau/dipl-med-anke-siegert-86f3vU,Dipl. med. Anke Siegert,PLACES_IMPORTED_NEW,yes,,0.98,
/arzt/loebau/herr-dipl-med-helmer-hache-lbau,https://navoria.de/praxis/loebau/herr-dipl-med-helmer-hache-0sYbv4,Herr Dipl.-Med. Helmer Hache,PLACES_IMPORTED_NEW,yes,,0.98,
/arzt/lohr/herr-dr-med-dirk-trautvetter-lohr,https://navoria.de/praxis/lohr-am-main/herr-dr-med-dirk-trautvetter-832ebM,Herr Dr. med. Dirk Trautvetter,PLACES_IMPORTED_NEW,yes,,0.98,
/arzt/luedenscheid/herr-dr-med-dietrich-kmpfe-ldenscheid,https://navoria.de/praxis/luedenscheid/herr-dr-med-dietrich-kaempfe-oPVGPA,Herr Dr. med. Dietrich Kämpfe,PLACES_IMPORTED_NEW,yes,,0.98,
/arzt/munster/dr-susanne-hrter-munster,https://navoria.de/praxis/munster/dr-susanne-haerter-8IoPqI,Dr. Susanne Härter,PLACES_IMPORTED_NEW,yes,,0.98,
/arzt/schwalmstadt/drmed-frank-hellmann-schwalmstadt,https://navoria.de/praxis/schwalmstadt/dr-med-frank-hellmann-52lD0s,Dr.med. Frank Hellmann,PLACES_IMPORTED_NEW,yes,,0.98,
/arzt/schwedtoder/praxisgemeinschaft-fr-urologie-zenk-roszyk-schwedtoder,https://navoria.de/praxis/schwedt-oder/praxisgemeinschaft-fuer-urologie-zenk-roszyk-YZMp4o,Praxisgemeinschaft für Urologie Zenk & Roszyk,PLACES_IMPORTED_NEW,yes,,0.98,
/arzt/sondershausen/dr-clemens-witzenhausen-sondershausen,https://navoria.de/praxis/sondershausen/dr-clemens-witzenhausen-i8yqLI,Dr. Clemens Witzenhausen,PLACES_IMPORTED_NEW,yes,,0.98,
/arzt/tharandt/myriam-mller-tharandt,https://navoria.de/praxis/tharandt/myriam-mueller-pT_7_g,Myriam Müller,MATCHED_PHASE2,yes,,,street+plz+name
/augenarzt/aschersleben/augenarztpraxis-bredehorn-mayr-aschersleben,https://navoria.de/praxis/aschersleben/augenarztpraxis-bredehorn-mayr-re4915b,Augenarztpraxis Bredehorn-Mayr,REVIEW_CREATED,yes,,,
/augenarzt/balve/dr-med-theodor-vorhoff-balve,https://navoria.de/praxis/balve/dr-med-theodor-vorhoff-4L_Q4k,Dr. med. Theodor Vorhoff,PLACES_IMPORTED_NEW,yes,,0.98,
/augenarzt/eggenfelden/dr-med-jan-wacker-eggenfelden,https://navoria.de/praxis/eggenfelden/mvz-simbach-filiale-eggenfelden-bUjgfc,MVZ Simbach - Filiale Eggenfelden,PLACES_IMPORTED_NEW,yes,,0.98,
/augenarzt/frankenbergsachsen/dr-ute-hunger-frankenbergsachsen,https://navoria.de/praxis/frankenberg-sachsen/dr-ute-hunger-f7mTjE,Dr. Ute Hunger,PLACES_IMPORTED_NEW,yes,,0.98,
/augenarzt/frankfurt/dr-med-c-hofmann-frankfurt,https://navoria.de/praxis/frankfurt-am-main/dr-med-c-hofmann-sHk8sU,Dr. med. C. Hofmann,MATCHED_PHASE2,yes,,,street+plz+name
/augenarzt/fritzlar/drmed-jrg-bgeholz-fritzlar,https://navoria.de/praxis/fritzlar/dr-med-joerg-boegeholz-Px37n8,Dr.med. Jörg Bögeholz,PLACES_IMPORTED_NEW,yes,,0.98,
/augenarzt/montabaur/dr-med-christhoper-hagelauer-montabaur,https://navoria.de/praxis/montabaur/dr-hagelauer-augenarzt-montabaur-38hS8I,Dr. Hagelauer - Augenarzt Montabaur,PLACES_IMPORTED_NEW,yes,,0.98,
/augenarzt/neutraubling/drmed-bernhard-roesen-neutraubling,https://navoria.de/praxis/neutraubling/drmed-bernhard-roesen-tmMPvY,Dr.med. Bernhard Roesen,MATCHED_PHASE2,yes,,,street+plz+name
/augenarzt/schneeberg/herr-dr-med-thomas-windisch-schneeberg,https://navoria.de/praxis/schneeberg/herr-dr-med-thomas-windisch-jh7Cqg,Herr Dr. med. Thomas Windisch,PLACES_IMPORTED_NEW,yes,,0.98,
/augenarzt/versmold/dr-nicola-buch-pleitner-versmold,https://navoria.de/praxis/versmold/dr-nicola-buch-pleitner-Vi4TDw,Dr. Nicola Buch-Pleitner,PLACES_IMPORTED_NEW,yes,,0.98,
/augenarzt/weisswasseroberlausitz/dr-med-birgit-mder-weiwasseroberlausitz,https://navoria.de/praxis/weisswasser-oberlausitz/dr-med-birgit-maeder-g8I2kk,Dr. med. Birgit Mäder,PLACES_IMPORTED_NEW,yes,,0.98,
/frauenarzt/landau/frauenarztpraxis-natalya-klassen-landau,https://navoria.de/praxis/landau-an-der-isar/frauenarztpraxis-natalya-klassen-v_zQC8,Frauenarztpraxis Natalya Klassen,PLACES_IMPORTED_NEW,yes,,0.98,
/frauenarzt/muenster/drmed-jens-quakernack-facharzt-fr-frauenheilkunde-geburtshilfe-mnster,https://navoria.de/praxis/muenster/drmed-jens-quakernack-facharzt-fuer-frauenheilkunde-geburtshilfe-y5UVVU,Dr.med. Jens Quakernack Facharzt für Frauenheilkunde Geburtshilfe,MATCHED_PHASE2,yes,,,street+plz+name
/frauenarzt/oberndorf/ildiko-husar-fachrztin-fr-frauenheilkunde-und-geburtshilfe-oberndorf,https://navoria.de/praxis/oberndorf-am-neckar/ildiko-husar-fachaerztin-fuer-frauenheilkunde-und-geburtshilfe-Ndm_KY,Ildiko Husar Fachärztin für Frauenheilkunde und Geburtshilfe,PLACES_IMPORTED_NEW,yes,,0.98,
/hausarzt/ahaus/dr-barbara-tielkes-ahaus,https://navoria.de/praxis/ahaus/dr-barbara-tielkes-4DQfWc,Dr. Barbara Tielkes,PLACES_IMPORTED_NEW,yes,,0.98,
/hausarzt/ahlen/herr-dr-med-rolf-wermes-ahlen,https://navoria.de/praxis/ahlen/herr-dr-med-rolf-wermes-_0T6ak,Herr Dr. med. Rolf Wermes,MATCHED_PHASE2,yes,,,street+plz+name
/hausarzt/altdorf/internistische-praxis-dr-brix-fischer-und-langer-altdorf,https://navoria.de/praxis/altdorf-bei-nuernberg/internistische-praxis-dr-brix-fischer-und-langer-BB9BB4,Internistische Praxis Dr. Brix Fischer und Langer,PLACES_IMPORTED_NEW,yes,,0.98,
/hausarzt/angermuende/frau-dr-med-ursel-jarchow-angermnde,https://navoria.de/praxis/angermuende/frau-dr-med-ursel-jarchow-kWArS0,Frau Dr. med. Ursel Jarchow,PLACES_IMPORTED_NEW,yes,,0.98,
/hausarzt/ansbach/dr-med-ulrike-may-ansbach,https://navoria.de/praxis/ansbach/dr-med-ulrike-may-Hy90mE,Dr. med. Ulrike May,PLACES_IMPORTED_NEW,yes,,0.98,
/hausarzt/bad-muenstereifel/dr-thomas-kleinfeld-7663,https://navoria.de/praxis/bad-muenstereifel/dr-thomas-kleinfeld-6WtcwI,Dr. Thomas Kleinfeld,PLACES_IMPORTED_NEW,yes,,0.98,
/hausarzt/bad-rappenau/anna-friederike-hund,https://navoria.de/praxis/bad-rappenau/anna-friederike-hund-brT0YE,Anna Friederike Hund,PLACES_IMPORTED_NEW,yes,,0.98,
/hausarzt/bad-waldsee/herr-dr-hc-ulf-michael-deckers,https://navoria.de/praxis/bad-waldsee/herr-dr-h-c-ulf-michael-deckers-BQP1Gk,Herr Dr. h.c. Ulf Michael Deckers,PLACES_IMPORTED_NEW,yes,,0.98,
/hausarzt/bad-wildungen/dr-med-anneli-freitag-schickram,https://navoria.de/praxis/bad-wildungen/dr-med-anneli-freitag-schickram-vLu2l0,Dr. med. Anneli Freitag-Schickram,PLACES_IMPORTED_NEW,yes,,0.98,
/hausarzt/bad-wurzach/dr-bernd-lindenmaier-bad,https://navoria.de/praxis/bad-wurzach/dr-bernd-lindenmaier-7oSaKU,Dr. Bernd Lindenmaier,PLACES_IMPORTED_NEW,yes,,0.98,
/hausarzt/bad/herr-dr-med-rainer-eisele-bad,https://navoria.de/praxis/bad-waldsee/herr-dr-med-rainer-eisele-i_f_ko,Herr Dr. med. Rainer Eisele,PLACES_IMPORTED_NEW,yes,,0.98,
/hausarzt/bargteheide/drmedsandra-nagel-bargteheide,https://navoria.de/praxis/bargteheide/dr-med-sandra-nagel-0jegy0,Dr.Med.Sandra Nagel,PLACES_IMPORTED_NEW,yes,,0.98,
/hausarzt/baunatal/michael-frlich-baunatal,https://navoria.de/praxis/baunatal/drmed-michaela-jahn-mNzKj4,Dr.med. Michaela Jahn,MATCHED_PHASE2,yes,,,street+plz+name
/hausarzt/bautzen/dr-med-ekkehard-seeliger-facharzt-fuer-allgemeinmedizin,https://navoria.de/praxis/bautzen/dr-med-ekkehard-seeliger-facharzt-fuer-allgemeinmedizin-WuWyu4,Dr. med. Ekkehard Seeliger Facharzt für Allgemeinmedizin,PLACES_IMPORTED_NEW,yes,,0.9,
/hausarzt/beckum/dr-med-hans-thomas-thompson,https://navoria.de/praxis/beckum/dr-med-hans-thomas-thompson-LpEESo,Dr. med. Hans-Thomas Thompson,PLACES_IMPORTED_NEW,yes,,0.9,
/hausarzt/beelitz/frau-dipl-med-ramona-wendland-beelitz,https://navoria.de/praxis/beelitz/frau-dipl-med-ramona-wendland-Ic8OZw,Frau Dipl.-Med. Ramona Wendland,PLACES_IMPORTED_NEW,yes,,0.98,
/hausarzt/bergisch-gladbach/dr-annette-knoll-9721,https://navoria.de/praxis/bergisch-gladbach/dr-annette-knoll-ryMrJ4,Dr. Annette Knoll,MATCHED_PHASE2,yes,,,street+plz+name
/hausarzt/berlin/dr-mehdi-rafii-berlin,https://navoria.de/praxis/berlin/dr-mehdi-rafii-hWB6jo,Dr. Mehdi Rafii,PLACES_IMPORTED_NEW,yes,,0.98,
/hausarzt/betzdorf/drmed-rainer-banzhaf-facharzt-fr-allgemeinmedizin-betzdorf,https://navoria.de/praxis/betzdorf/dr-med-rainer-banzhaf-facharzt-fuer-allgemeinmedizin-mpkUns,Dr.med. Rainer Banzhaf Facharzt für Allgemeinmedizin,PLACES_IMPORTED_NEW,yes,,0.98,
/hausarzt/biedenkopf/olessja-mrz-praxis-fr-allgemeinmedizin-biedenkopf,https://navoria.de/praxis/biedenkopf/olessja-maerz-praxis-fuer-allgemeinmedizin-YNGO9k,Olessja März Praxis für Allgemeinmedizin,PLACES_IMPORTED_NEW,yes,,0.98,
/hausarzt/blankenburg-harz/dipl-med-rene-giesel-5452,https://navoria.de/praxis/blankenburg-harz/dipl-med-rene-giesel-dVofIA,Dipl.-Med. Rene Giesel,PLACES_IMPORTED_NEW,yes,,0.98,
/hausarzt/bobingen/hausarzt-praxis-herr-alexander-eisinger-9087,https://navoria.de/praxis/bobingen/hausarzt-praxis-herr-alexander-eisinger-NB78xI,Hausarzt Praxis Herr Alexander Eisinger,PLACES_IMPORTED_NEW,yes,,0.9,
/hausarzt/bochum/herr-dr-med-clemens-seifert-bochum,https://navoria.de/praxis/bochum/herr-dr-med-clemens-seifert-aR5Szo,Herr Dr. med. Clemens Seifert,MATCHED_PHASE2,yes,,,street+plz+name
/hausarzt/boeblingen/dr-iavorschi-bblingen,https://navoria.de/praxis/boeblingen/dr-iavorschi-fYt1pQ,Dr. Iavorschi,PLACES_IMPORTED_NEW,yes,,0.98,
/hausarzt/borken-hessen/dr-med-sabine-hess-fachaerztin-f-allgemeinmedizin-2076,https://navoria.de/praxis/borken-hessen/dr-med-sabine-hess-fachaerztin-f-allgemeinmedizin-aakgnQ,Dr. med. Sabine Heß Fachärztin f. Allgemeinmedizin,PLACES_IMPORTED_NEW,yes,,0.98,
/hausarzt/borken/drmed-pler-bernhard-borken,https://navoria.de/praxis/borken/dr-med-paessler-bernhard-1lddbE,Dr.med. Päßler Bernhard,PLACES_IMPORTED_NEW,yes,,0.98,
/hausarzt/bramsche/herr-dr-medic-imf-klausenburg-gavrila-urlea-albert-bramsche,https://navoria.de/praxis/bramsche/herr-dr-medic-imf-klausenburg-gavrila-urlea-albert-TT8Mw0,Herr Dr. medic. (IMF Klausenburg) Gavrila Urlea-Albert,PLACES_IMPORTED_NEW,yes,,0.98,
/hausarzt/braunschweig/dr-med-saman-c-atugoda-braunschweig,https://navoria.de/praxis/braunschweig/hautarztpraxis-dr-atugoda-WMJVjQ,Hautarztpraxis Dr. Atugoda,MATCHED_PHASE2,yes,,,street+plz+name
/hausarzt/bruehl/frau-eugenie-peters-brhl,https://navoria.de/praxis/bruehl/frau-eugenie-peters-htV5b0,Frau Eugenie Peters,PLACES_IMPORTED_NEW,yes,,0.98,
/hausarzt/buchen-odenwald/herr-helmut-koenig-5360,https://navoria.de/praxis/buchen-odenwald/herr-helmut-koenig-kSYPy8,Herr Helmut König,PLACES_IMPORTED_NEW,yes,,0.98,
/hausarzt/bueren/dr-pikrun-bren,https://navoria.de/praxis/bueren/dr-pikrun-WNIwrI,Dr. Pikrun,PLACES_IMPORTED_NEW,yes,,0.98,
/hausarzt/burghausen/herr-dr-med-christian-schweinberger-burghausen,https://navoria.de/praxis/burghausen/herr-dr-med-christian-schweinberger-Te6A1s,Herr Dr. med. Christian Schweinberger,PLACES_IMPORTED_NEW,yes,,0.98,
/hausarzt/castrop-rauxel/andrey-nefedev-julia-carolin-nefedev-castrop-rauxel,https://navoria.de/praxis/castrop-rauxel/andrey-nefedev-julia-carolin-nefedev-Q2apQk,"Andrey Nefedev, Julia Carolin Nefedev",PLACES_IMPORTED_NEW,yes,,0.98,
/hausarzt/celle/frau-dr-med-gisela-winterhoff-celle,https://navoria.de/praxis/celle/frau-dr-med-gisela-winterhoff-WDOhbg,Frau Dr. med. Gisela Winterhoff,PLACES_IMPORTED_NEW,yes,,0.98,
/hausarzt/clausthal-zellerfeld/frau-dr-med-friederike-bahr-clausthal-zellerfeld,https://navoria.de/praxis/clausthal-zellerfeld/frau-dr-med-friederike-bahr-ffb0nI,Frau Dr. med. Friederike Bahr,PLACES_IMPORTED_NEW,yes,,0.98,
/hausarzt/cloppenburg/arztpraxis-tatjana-tissen-und-katharina-inomjonov-cloppenburg,https://navoria.de/praxis/cloppenburg/arztpraxis-tatjana-tissen-und-katharina-inomjonov-BkiuXw,Arztpraxis Tatjana Tissen und Katharina Inomjonov,PLACES_IMPORTED_NEW,yes,,0.98,
/hausarzt/cloppenburg/drmed-holger-laing-cloppenburg,https://navoria.de/praxis/cloppenburg/dr-med-holger-laing-QBvQmk,Dr.med. Holger Laing,PLACES_IMPORTED_NEW,yes,,0.98,
/hausarzt/coswig/dipl-med-maren-schumann-coswig,https://navoria.de/praxis/coswig-anhalt/dipl-med-maren-schumann-kofDnI,Dipl.-Med. Maren Schumann,PLACES_IMPORTED_NEW,yes,,0.98,
/hausarzt/cottbus/herr-dr-med-andreas-pietzko-cottbus,https://navoria.de/praxis/cottbus/herr-dr-med-andreas-pietzko-jSzg7c,Herr Dr. med. Andreas Pietzko,MATCHED_PHASE2,yes,,,name+plz
/hausarzt/crailsheim/gemeinschaftspraxis-ulrich-rupp-florian-setzer,https://navoria.de/praxis/crailsheim/gemeinschaftspraxis-ulrich-rupp-florian-setzer-XTt3zQ,Gemeinschaftspraxis Ulrich Rupp & Florian Setzer,PLACES_IMPORTED_NEW,yes,,0.98,
/hausarzt/crailsheim/herr-dr-gerhard-slavetinsky,https://navoria.de/praxis/crailsheim/herr-dr-gerhard-slavetinsky-RyO8HE,Herr Dr. Gerhard Slavetinsky,PLACES_IMPORTED_NEW,yes,,0.98,
/hausarzt/cuxhaven/herr-dr-med-roland-hartwig-cuxhaven,https://navoria.de/praxis/cuxhaven/herr-dr-med-roland-hartwig-HvFjtw,Herr Dr. med. Roland Hartwig,PLACES_IMPORTED_NEW,yes,,0.98,
/hausarzt/delitzsch/dr-med-gerald-eckhardt-delitzsch,https://navoria.de/praxis/delitzsch/pneumologenzentrum-dr-med-gerald-eckhardt-AKgefI,Pneumologenzentrum Dr. med. Gerald Eckhardt,PLACES_IMPORTED_NEW,yes,,0.98,
/hausarzt/dorsten/herr-dr-med-georg-haase-dorsten,https://navoria.de/praxis/dorsten/herr-dr-med-georg-haase-r66a3d4,Herr Dr. med. Georg Haase,REVIEW_CREATED,yes,,,
/hausarzt/dresden/frau-dr-med-antje-rahrisch-dresden,https://navoria.de/praxis/dresden/frau-dr-med-antje-rahrisch-lkJiWU,Frau Dr. med. Antje Rahrisch,MATCHED_PHASE2,yes,,,street+plz+name
/hausarzt/dueren/herr-dr-med-axel-storch-dren,https://navoria.de/praxis/dueren/herr-dr-med-axel-storch-Iojlrk,Herr Dr. med. Axel Storch,MATCHED_PHASE2,yes,,,street+plz+name
/hausarzt/duisburg/herr-matthias-mahle-duisburg,https://navoria.de/praxis/duisburg/herr-matthias-mahle-Giz2S4,Herr Matthias Mahle,MATCHED_PHASE2,yes,,,street+plz+name
/hausarzt/ebersbach/frau-dr-med-danijela-arizanovic-ebersbach,https://navoria.de/praxis/ebersbach-an-der-fils/frau-dr-med-danijela-arizanovic-6KhZnQ,Frau Dr. med. Danijela Arizanovic,PLACES_IMPORTED_NEW,yes,,0.98,
/hausarzt/eberswalde/dr-med-konstantin-zellmer-eberswalde,https://navoria.de/praxis/eberswalde/dr-med-konstantin-zellmer--QT_Nw,Dr. med. Konstantin Zellmer,PLACES_IMPORTED_NEW,yes,,0.98,
/hausarzt/ehingen-donau/goetz-kitzig-2066,https://navoria.de/praxis/ehingen-donau/goetz-kitzig-6urE2Q,Götz Kitzig,PLACES_IMPORTED_NEW,yes,,0.98,
/hausarzt/eichstaett/dr-med-margret-bauer-eichsttt,https://navoria.de/praxis/eichstaett/dr-med-margret-bauer-L1fwKw,Dr. med. Margret Bauer,PLACES_IMPORTED_NEW,yes,,0.98,
/hausarzt/eisenach/gemeinschaftspraxis-dr-med-katja-heim-dr-med-univ-neusatz-aleksandar-griesser-aleksic-eisenach,https://navoria.de/praxis/eisenach/gemeinschaftspraxis-dr-med-katja-heim-dr-med-univ-neusatz-aleksandar-g,Gemeinschaftspraxis Dr. med Katja Heim & Dr. med. univ. Neusatz Aleksandar Griesser-Aleksic,PLACES_IMPORTED_NEW,yes,,0.98,
/hausarzt/eisleben/luminita-gutu-fachrztin-fr-inner-medizin-hausrztin-eisleben,https://navoria.de/praxis/eisleben/luminita-gutu-fachaerztin-fuer-inner-medizin-hausaerztin-RvATyw,Luminita Gutu Fachärztin für Inner Medizin / Hausärztin,PLACES_IMPORTED_NEW,yes,,0.98,
/hausarzt/emmerich/herr-dariusz-markowski-emmerich,https://navoria.de/praxis/emmerich-am-rhein/herr-dariusz-markowski-miiwGY,Herr Dariusz Markowski,PLACES_IMPORTED_NEW,yes,,0.98,
/hausarzt/erfurt/dipl-med-heike-hanke-fachaerztin-f-allgemeinmedizin-3347,https://navoria.de/praxis/erfurt/dipl-med-heike-hanke-fachaerztin-f-allgemeinmedizin-5H8hSg,Dipl.-Med. Heike Hanke Fachärztin f. Allgemeinmedizin,PLACES_FOUND_EXISTING,yes,google_place_id,0.9,
/hausarzt/erfurt/praxis-fr-allgemeinmedizin-wolfgang-arand-erfurt,https://navoria.de/praxis/erfurt/praxis-fuer-allgemeinmedizin-wolfgang-arand-phytEU,Praxis für Allgemeinmedizin Wolfgang Arand,MATCHED_PHASE2,yes,,,street+plz+name
/hausarzt/erkelenz/praxis-dr-beate-abuzahra-2652,https://navoria.de/praxis/moenchengladbach/praxis-dr-beate-abuzahra-yxMXx4,Praxis Dr. Beate Abuzahra,PLACES_IMPORTED_NEW,yes,,0.98,
/hausarzt/erlangen/drmed-christian-dbig-erlangen,https://navoria.de/praxis/erlangen/drmed-christian-doebig-a1NHSI,Dr.med. Christian Döbig,MATCHED_PHASE2,yes,,,street+plz+name
/hausarzt/eschborn/doctor-ivona-djoric-eschborn,https://navoria.de/praxis/eschborn/doctor-ivona-djoric-4sa4zU,Doctor Ivona Djoric,PLACES_IMPORTED_NEW,yes,,0.98,
/hausarzt/esslingen-am-neckar/frau-dr-med-elena-samorej-1107,https://navoria.de/praxis/esslingen-am-neckar/frau-dr-med-elena-samorej-52oldo,Frau Dr. med. Elena Samorej,MATCHED_PHASE2,yes,,,street+plz+name
/hausarzt/esslingen-am-neckar/herr-dr-imf-klausenburg-roland-henrich,https://navoria.de/praxis/esslingen-am-neckar/herr-dr-imf-klausenburg-roland-henrich-H1TAQc,Herr Dr. (IMF Klausenburg) Roland Henrich,MATCHED_PHASE2,yes,,,street+plz+name
/hausarzt/euskirchen/dr-med-elsbeth-brammertz-euskirchen,https://navoria.de/praxis/euskirchen/dr-med-maximilian-brammertz-yQyDyo,Dr. med. Maximilian Brammertz,PLACES_IMPORTED_NEW,yes,,0.98,
/hausarzt/falkensee/hausarztpraxis-daniel-bernau-facharzt-fr-allgemeinmedizin-falkensee,https://navoria.de/praxis/falkensee/hausarztpraxis-daniel-bernau-facharzt-fuer-allgemeinmedizin-21_qSU,Hausarztpraxis - Daniel Bernau - Facharzt für Allgemeinmedizin,PLACES_IMPORTED_NEW,yes,,0.98,
/hausarzt/felsberg/frau-dr-med-karin-schte-felsberg,https://navoria.de/praxis/felsberg/frau-dr-med-karin-schuete-xuJJG0,Frau Dr. med. Karin Schüte,PLACES_IMPORTED_NEW,yes,,0.98,
/hausarzt/flensburg/frau-dr-med-ingrid-muhs-flensburg,https://navoria.de/praxis/flensburg/dres-oelsner-muhs-und-partner-hUfxSE,"Dres. Oelsner, Muhs und Partner",MATCHED_PHASE2,yes,,,street+plz+name
/hausarzt/frankenberg-eder/dr-ulrike-ursula-eckel,https://navoria.de/praxis/frankenberg-eder/dr-ulrike-ursula-eckel-a4KkQQ,Dr. Ulrike Ursula Eckel,PLACES_IMPORTED_NEW,yes,,0.98,
/hausarzt/frankenbergsachsen/herr-dr-med-bernd-hckel-frankenbergsachsen,https://navoria.de/praxis/frankenberg-sachsen/herr-dr-med-bernd-haeckel-HlWNpY,Herr Dr. med. Bernd Häckel,PLACES_IMPORTED_NEW,yes,,0.98,
/hausarzt/frankenthal/dr-med-duc-chung-bui-facharzt-fuer-allgemeinmedizin-notfallmedizin,https://navoria.de/praxis/frankenthal/duc-chung-bui-allgemeinmedizin-notfallmedizin-r714243,duc chung bui allgemeinmedizin notfallmedizin,REVIEW_CREATED,yes,,,
/hausarzt/frankfurt/dr-med-cpanijel-rath-fachrztin-f-allgemeinmedizin-frankfurt,https://navoria.de/praxis/frankfurt-am-main/dr-med-c-panijel-rath-fachaerztin-f-allgemeinmedizin-XB3Tgc,Dr. med. C.Panijel-Rath Fachärztin f. Allgemeinmedizin,PLACES_IMPORTED_NEW,yes,,0.98,
/hausarzt/frankfurt/frau-dr-med-gabriele-federlein-frankfurt,https://navoria.de/praxis/frankfurt-oder/frau-dr-med-gabriele-federlein-ORckKc,Frau Dr. med. Gabriele Federlein,PLACES_IMPORTED_NEW,yes,,0.98,
/hausarzt/freiberg/herr-dr-med-sigurd-bochmann-freiberg,https://navoria.de/praxis/freiberg/herr-dr-med-sigurd-bochmann-1s1PHE,Herr Dr. med. Sigurd Bochmann,PLACES_IMPORTED_NEW,yes,,0.98,
/hausarzt/freiburg/dr-med-christoph-reuss-freiburg,https://navoria.de/praxis/freiburg-im-breisgau/dr-med-christoph-reuss--zyR6s,Dr. med. Christoph Reuss,MATCHED_PHASE2,yes,,,street+plz+name
/hausarzt/freiburg/dr-med-stefan-rahner-freiburg,https://navoria.de/praxis/freiburg-im-breisgau/dr-med-stefan-rahner-5UBS1c,Dr. med. Stefan Rahner,MATCHED_PHASE2,yes,,,street+plz+name
/hausarzt/freital/dipl-med-kerstin-steinbach-freital,https://navoria.de/praxis/freital/dipl-med-kerstin-steinbach-IYP0wQ,Dipl. Med. Kerstin Steinbach,PLACES_IMPORTED_NEW,yes,,0.98,
/hausarzt/froendenbergruhr/herr-herbert-constapel-frndenbergruhr,https://navoria.de/praxis/froendenberg-ruhr/herr-herbert-constapel-p4N2Yg,Herr Herbert Constapel,PLACES_IMPORTED_NEW,yes,,0.98,
/hausarzt/fuerstenwaldespree/frau-dr-med-brnig-frstenwaldespree,https://navoria.de/praxis/fuerstenwalde-spree/frau-dr-med-bruenig-HL14xw,Frau Dr. med. Brünig,PLACES_IMPORTED_NEW,yes,,0.98,
/hausarzt/gardelegen/diplmed-andreas-brendtner-gardelegen,https://navoria.de/praxis/gardelegen/dipl-med-andreas-brendtner-5qiJQA,Dipl.med. Andreas Brendtner,PLACES_IMPORTED_NEW,yes,,0.98,
/hausarzt/geilenkirchen/herr-dr-med-mathias-jansen-geilenkirchen,https://navoria.de/praxis/geilenkirchen/herr-dr-med-mathias-jansen-yOSCPU,Herr Dr. med. Mathias Jansen,PLACES_IMPORTED_NEW,yes,,0.98,
/hausarzt/geisenheim/dr-karin-pogorzalek-schibalski-geisenheim,https://navoria.de/praxis/geisenheim/dr-karin-pogorzalek-schibalski-0qDruk,Dr Karin Pogorzalek-Schibalski,PLACES_IMPORTED_NEW,yes,,0.98,
/hausarzt/gelnhausen/dr-med-rdiger-werner-fass-gelnhausen,https://navoria.de/praxis/gelnhausen/dr-med-ruediger-werner-fass-VlUdws,Dr. med. Rüdiger Werner Fass,PLACES_IMPORTED_NEW,yes,,0.98,
/hausarzt/gera/drmed-susanna-remmler-gera,https://navoria.de/praxis/gera/drmed-susanna-remmler-L-GLcI,Dr.med. Susanna Remmler,MATCHED_PHASE2,yes,,,phone+name
/hausarzt/geseke/frau-dr-med-ulrike-kleine-geseke,https://navoria.de/praxis/geseke/frau-dr-med-ulrike-kleine-vHpZDw,Frau Dr. med. Ulrike Kleine,PLACES_IMPORTED_NEW,yes,,0.98,
/hausarzt/giengen/praxis-dr-softic-giengen,https://navoria.de/praxis/giengen-an-der-brenz/praxis-dr-softic-zncvVc,Praxis Dr. Softic,PLACES_IMPORTED_NEW,yes,,0.98,
/hausarzt/giessen/herr-dr-med-jrgen-fhrer-gieen,https://navoria.de/praxis/giessen/herr-dr-med-juergen-fuehrer-BuRgI8,Herr Dr. med. Jürgen Führer,PLACES_IMPORTED_NEW,yes,,0.98,
/hausarzt/goerlitz/frau-dr-med-elisabeth-domsgen-grlitz,https://navoria.de/praxis/goerlitz/frau-dr-med-elisabeth-domsgen-9DBXYI,Frau Dr. med. Elisabeth Domsgen,PLACES_IMPORTED_NEW,yes,,0.98,
/hausarzt/goslar/herr-dr-med-andreas-eisenhardt-goslar,https://navoria.de/praxis/goslar/herr-dr-med-andreas-eisenhardt-6TW36Y,Herr Dr. med. Andreas Eisenhardt,PLACES_IMPORTED_NEW,yes,,0.98,
/hausarzt/greifswald/drmed-mathias-meyer-facharzt-fr-allgemeinmedizin-greifswald,https://navoria.de/praxis/greifswald/dr-med-mathias-meyer-facharzt-fuer-allgemeinmedizin-cZkaYk,Dr.med. Mathias Meyer Facharzt für Allgemeinmedizin,PLACES_IMPORTED_NEW,yes,,0.98,
/hausarzt/grevenbroich/frau-monika-plug-gnther-grevenbroich,https://navoria.de/praxis/grevenbroich/frau-monika-plug-guenther-fc1ixw,Frau Monika Plug-Günther,PLACES_IMPORTED_NEW,yes,,0.98,
/hausarzt/gruenberg/herr-dr-med-christian-becker-grnberg,https://navoria.de/praxis/gruenberg/herr-dr-med-christian-becker-33F81A,Herr Dr. med. Christian Becker,PLACES_IMPORTED_NEW,yes,,0.98,
/hausarzt/gruenstadt/dr-med-carsten-blume-grnstadt,https://navoria.de/praxis/gruenstadt/dr-med-carsten-blume-SZxIx0,Dr. med. Carsten Blume,PLACES_IMPORTED_NEW,yes,,0.98,
/hausarzt/gummersbach/dr-med-christiane-sieber-gummersbach,https://navoria.de/praxis/gummersbach/dr-med-christiane-sieber-O3eCwk,Dr. med. Christiane Sieber,PLACES_IMPORTED_NEW,yes,,0.98,
/hausarzt/gummersbach/hausarztpraxis-dr-medicina-d-toma-gummersbach,https://navoria.de/praxis/gummersbach/hausarztpraxis-dr-medicina-d-toma-yfOEVA,Hausarztpraxis Dr. (Medicina) D. Toma,PLACES_IMPORTED_NEW,yes,,0.98,
/hausarzt/hagen/dr-med-m-farsab-hagen,https://navoria.de/praxis/hagen/dr-med-m-farsab-Hz_8uU,Dr. Med. M. Farsab,MATCHED_PHASE2,yes,,,street+plz+name
/hausarzt/haseluenne/drmed-andreas-euler-haselnne,https://navoria.de/praxis/haseluenne/dr-med-andreas-euler-1Hz-ys,Dr.med. Andreas Euler,PLACES_IMPORTED_NEW,yes,,0.98,
/hausarzt/heinsberg/herr-dr-med-ekkehart-walter-heinsberg,https://navoria.de/praxis/heinsberg/herr-dr-med-ekkehart-walter-gc5jFk,Herr Dr. med. Ekkehart Walter,PLACES_IMPORTED_NEW,yes,,0.98,
/hausarzt/hennef/drmed-manfred-maylahn-praktischer-arzt-hennef,https://navoria.de/praxis/hennef-sieg/dr-med-manfred-maylahn-praktischer-arzt-pUBSeY,Dr.med. Manfred Maylahn Praktischer Arzt,PLACES_IMPORTED_NEW,yes,,0.98,
/hausarzt/herne/kerstin-fritz-herne,https://navoria.de/praxis/herne/kerstin-fritz-pmtR3g,Kerstin Fritz,MATCHED_PHASE2,yes,,,street+plz+name
/hausarzt/herzogenrath/dr-med-gabriele-schmeitz-herzogenrath,https://navoria.de/praxis/herzogenrath/dr-med-gabriele-schmeitz-ICrF_w,Dr. med. Gabriele Schmeitz,PLACES_IMPORTED_NEW,yes,,0.98,
/hausarzt/herzogenrath/dr-med-oliver-fensky-herzogenrath,https://navoria.de/praxis/herzogenrath/dr-med-oliver-fensky-rc5e173,Dr. med. Oliver Fensky,REVIEW_CREATED,yes,,,
/hausarzt/hilchenbach/frau-angela-hartnack-hilchenbach,https://navoria.de/praxis/hilchenbach/frau-angela-hartnack-xBjFDU,Frau Angela Hartnack,PLACES_IMPORTED_NEW,yes,,0.98,
/hausarzt/hofgeismar/gemeinschaftspraxis-trendelburg-hofgeismar,https://navoria.de/praxis/hofgeismar/gemeinschaftspraxis-trendelburg-8JNv7Y,Gemeinschaftspraxis Trendelburg,PLACES_IMPORTED_NEW,yes,,0.98,
/hausarzt/holzgerlingen/dr-med-annemarie-trost-holzgerlingen,https://navoria.de/praxis/holzgerlingen/dr-med-annemarie-trost-Ppyf1Y,Dr. med. Annemarie Trost,PLACES_IMPORTED_NEW,yes,,0.98,
/hausarzt/homberg/drsmed-volker-dittschar-und-andr-otto-homberg,https://navoria.de/praxis/homberg-efze/drs-med-volker-dittschar-und-andr-otto-g9LPew,Drs.med Volker Dittschar und André Otto,PLACES_IMPORTED_NEW,yes,,0.98,
/hausarzt/hueckelhoven/hausarztpraxis-baal-hckelhoven,https://navoria.de/praxis/hueckelhoven/hausarztpraxis-baal-rsh4Jg,Hausarztpraxis Baal,PLACES_IMPORTED_NEW,yes,,0.98,
/hausarzt/itzehoe/hausarztpraxis-aust-itzehoe,https://navoria.de/praxis/itzehoe/hausarztpraxis-aust-CociwM,Hausarztpraxis Aust,PLACES_IMPORTED_NEW,yes,,0.98,
/hausarzt/jena/praxis-dr-med-karsten-gneist-jena,https://navoria.de/praxis/jena/praxis-dr-med-karsten-gneist-2ErPAY,Praxis Dr. med. Karsten Gneist,MATCHED_PHASE2,yes,,,street+plz+name
/hausarzt/jessen/dr-med-stefan-kluge-dr-med-dirk-stanitz-jessen,https://navoria.de/praxis/jessen-elster/dr-med-stefan-kluge-dr-med-dirk-stanitz-dFozRY,Dr. med. Stefan Kluge & Dr. med. Dirk Stanitz,PLACES_IMPORTED_NEW,yes,,0.98,
/hausarzt/jever/hausarztpraxis-am-schlo-jever,https://navoria.de/praxis/jever/hausarztpraxis-am-schloss-pzW9KM,Hausarztpraxis Am Schloß,PLACES_IMPORTED_NEW,yes,,0.98,
/hausarzt/jueterbog/dr-kerstin-hckert-jterbog,https://navoria.de/praxis/jueterbog/dr-kerstin-hoeckert-BKmhPY,Dr. Kerstin Höckert,PLACES_IMPORTED_NEW,yes,,0.98,
/hausarzt/kassel/frau-charlotte-lehnert,https://navoria.de/praxis/kassel/frau-charlotte-lehnert-F5pRDI,Frau Charlotte Lehnert,MATCHED_PHASE2,yes,,,street+plz+name
/hausarzt/koblenz/herr-dr-med-uwe-barnikel-koblenz,https://navoria.de/praxis/koblenz/herr-dr-med-uwe-barnikel-EZI9ko,Herr Dr. med. Uwe Barnikel,MATCHED_PHASE2,yes,,,phone
/hausarzt/landau/praxis-dr-manfred-lehmann-landau,https://navoria.de/praxis/landau-an-der-isar/praxis-dr-manfred-lehmann-F4npTc,Praxis Dr. Manfred Lehmann,PLACES_IMPORTED_NEW,yes,,0.98,
/hausarzt/landsberg/frau-dr-med-doreen-langer-landsberg,https://navoria.de/praxis/landsberg/frau-dr-med-doreen-langer-KbaKO4,Frau Dr. med. Doreen Langer,PLACES_IMPORTED_NEW,yes,,0.98,
/hausarzt/lehrte/dr-med-martin-schick-lehrte,https://navoria.de/praxis/lehrte/dr-med-martin-schick-1mX1hg,Dr. med. Martin Schick,PLACES_IMPORTED_NEW,yes,,0.98,
/hausarzt/leipzig/frau-dr-med-katja-khn-leipzig,https://navoria.de/praxis/leipzig/frau-dr-med-katja-kuehn-jCuV-A,Frau Dr. med. Katja Kühn,PLACES_IMPORTED_NEW,yes,,0.98,
/hausarzt/loebau/praxis-gries-mudr-ohera-lbau,https://navoria.de/praxis/loebau/praxis-gries-mudr-ohera-pTimIQ,Praxis Gries/ MUDr Ohera,PLACES_IMPORTED_NEW,yes,,0.98,
/hausarzt/loeningen/medizinisches-versorgungszhasetal-lningen-lningen,https://navoria.de/praxis/loeningen/medizinisches-versorgungsz-hasetal-loeningen-MaE68M,Medizinisches Versorgungsz.Hasetal Löningen,PLACES_IMPORTED_NEW,yes,,0.98,
/hausarzt/loerrach/allgemeinpraxis-clas-lrrach,https://navoria.de/praxis/loerrach/allgemeinpraxis-clas-SUv_CM,Allgemeinpraxis Clas,PLACES_IMPORTED_NEW,yes,,0.98,
/hausarzt/ludwigsburg/frau-dr-med-ute-jesse-ludwigsburg,https://navoria.de/praxis/ludwigsburg/frau-dr-med-ute-jesse-kd3wKI,Frau Dr. med. Ute Jesse,MATCHED_PHASE2,yes,,,street+plz+name
/hausarzt/luedenscheid/herr-dr-med-volker-budde-ldenscheid,https://navoria.de/praxis/luedenscheid/herr-dr-med-volker-budde-kodJp4,Herr Dr. med. Volker Budde,PLACES_IMPORTED_NEW,yes,,0.98,
/hausarzt/luenen/herr-dr-med-ulrich-hning-lnen,https://navoria.de/praxis/luenen/herr-dr-med-ulrich-huening-9ImhnM,Herr Dr. med. Ulrich Hüning,MATCHED_PHASE2,yes,,,street+plz+name
/hausarzt/mainburg/dr-luitpold-kistler-mainburg,https://navoria.de/praxis/mainburg/dr-luitpold-kistler-tH5Vuk,Dr. Luitpold Kistler,PLACES_IMPORTED_NEW,yes,,0.98,
/hausarzt/mannheim/prof-dr-med-manfred-hensel-mannheim,https://navoria.de/praxis/mannheim/prof-dr-med-manfred-hensel-HWInMc,Prof. Dr. med. Manfred Hensel,PLACES_IMPORTED_NEW,yes,,0.98,
/hausarzt/melsungen/drmed-ulrike-jehle-sinning-melsungen,https://navoria.de/praxis/melsungen/dr-med-ulrike-jehle-sinning-LSeZ9s,Dr.med. Ulrike Jehle-Sinning,PLACES_IMPORTED_NEW,yes,,0.98,
/hausarzt/mittweida/dr-steffen-schreiber-mittweida,https://navoria.de/praxis/mittweida/dr-steffen-schreiber-EFSN-Y,Dr Steffen Schreiber,PLACES_IMPORTED_NEW,yes,,0.98,
/hausarzt/muenchen/praxis-dr-med-qassim-al-saadawi-mnchen,https://navoria.de/praxis/muenchen/praxis-dr-med-qassim-al-saadawi-s9uZ34,Praxis Dr. med. Qassim Al Saadawi,PLACES_IMPORTED_NEW,yes,,0.98,
/hausarzt/muensingen/drmed-martin-brndle-mnsingen,https://navoria.de/praxis/muensingen/dr-med-martin-braendle-JrOOuo,Dr.med. Martin Brändle,PLACES_IMPORTED_NEW,yes,,0.98,
/hausarzt/muenster/prof-dr-med-dr-hc-michael-zitzmann-mnster,https://navoria.de/praxis/muenster/prof-dr-med-dr-hc-michael-zitzmann-b3cEWU,Prof Dr med Dr hc Michael Zitzmann,PLACES_IMPORTED_NEW,yes,,0.9,
/hausarzt/netphen/kinderarztpraxis-turian-westphal-ehemals-koch-netphen,https://navoria.de/praxis/netphen/kinderarztpraxis-turian-westphal-ehemals-koch-TQkuvA,Kinderarztpraxis Turian Westphal (ehemals Koch),PLACES_IMPORTED_NEW,yes,,0.98,
/hausarzt/neuberg/drmed-peter-rdiger-tippe-facharzt-fr-allgemeinmedizin-neuberg,https://navoria.de/praxis/neuberg/dr-med-peter-ruediger-tippe-facharzt-fuer-allgemeinmedizin-8z8CGk,Dr.med. Peter Rüdiger Tippe Facharzt für Allgemeinmedizin,PLACES_IMPORTED_NEW,yes,,0.98,
/hausarzt/neubrandenburg/gemeinschaftspraxis-dr-sren-dreler-dr-gunnar-zinapold-neubrandenburg,https://navoria.de/praxis/neubrandenburg/gemeinschaftspraxis-dr-soeren-dressler-dr-gunnar-zinapold-Sgd9cM,Gemeinschaftspraxis Dr. Sören Dreßler & Dr. Gunnar Zinapold,PLACES_IMPORTED_NEW,yes,,0.98,
/hausarzt/oberndorf/herr-m-d-univ-damaskus-leon-darwisch-oberndorf,https://navoria.de/praxis/oberndorf-am-neckar/herr-m-d-univ-damaskus-leon-darwisch-P2MiNk,Herr M. D. (Univ. Damaskus) Leon Darwisch,PLACES_IMPORTED_NEW,yes,,0.98,
/hausarzt/oehringen/dr-maria-arabela-lupu,https://navoria.de/praxis/oehringen/hausarzt-praxis-doctor-medic-maria-arabela-lupu-fachaerztin-fuer-allge,HAUSARZT-PRAXIS Doctor-Medic Maria-Arabela Lupu Fachärztin für Allgemeinmedizin,PLACES_IMPORTED_NEW,yes,,0.98,
/hausarzt/offenbach/dr-med-r-kappus-offenbach,https://navoria.de/praxis/offenbach-am-main/dr-med-r-kappus-0CTdkI,Dr. med. R. Kappus,MATCHED_PHASE2,yes,,,street+plz+name
/hausarzt/offenbach/frau-dr-med-gabriele-frey-offenbach,https://navoria.de/praxis/offenbach-am-main/frau-dr-med-gabriele-frey-_DD4Z4,Frau Dr. med. Gabriele Frey,MATCHED_PHASE2,yes,,,street+plz+name
/hausarzt/paderborn/frau-dr-med-carla-gottschalg-paderborn,https://navoria.de/praxis/paderborn/frau-dr-med-carla-gottschalg-cnimxs,Frau Dr. med. Carla Gottschalg,MATCHED_PHASE2,yes,,,street+plz+name
/hausarzt/pattensen/frau-claudia-timm-pattensen,https://navoria.de/praxis/pattensen/herr-dr-schaefer-BXPBbE,Herr Dr. Schäfer,PLACES_IMPORTED_NEW,yes,,0.98,
/hausarzt/petersberg/herr-dr-med-michael-harre-petersberg,https://navoria.de/praxis/petersberg/herr-dr-med-michael-harre-HxA9mY,Herr Dr. med. Michael Harre,PLACES_IMPORTED_NEW,yes,,0.98,
/hausarzt/philippsburg/frau-dr-med-annette-weik-scheurer-philippsburg,https://navoria.de/praxis/philippsburg/frau-dr-med-annette-weik-scheurer-O-Q4es,Frau Dr. med. Annette Weik-Scheurer,PLACES_IMPORTED_NEW,yes,,0.98,
/hausarzt/pinneberg/frau-dr-med-mechthild-tammen-pinneberg,https://navoria.de/praxis/pinneberg/frau-dr-med-mechthild-tammen-sQJDQ4,Frau Dr. med. Mechthild Tammen,PLACES_IMPORTED_NEW,yes,,0.98,
/hausarzt/plochingen/dr-kathrin-herre-plochingen,https://navoria.de/praxis/plochingen/dr-kathrin-herre-HFdqaI,Dr. Kathrin Herre,PLACES_IMPORTED_NEW,yes,,0.98,
/hausarzt/quakenbrueck/frau-dorothee-otte-bick-quakenbrck,https://navoria.de/praxis/quakenbrueck/frau-dorothee-otte-bick-Tlm98s,Frau Dorothee Otte-Bick,PLACES_IMPORTED_NEW,yes,,0.98,
/hausarzt/ravensburg/dr-med-ingrid-schubert-ravensburg,https://navoria.de/praxis/ravensburg/dr-med-ingrid-schubert-xjxXp0,Dr. med. Ingrid Schubert,PLACES_IMPORTED_NEW,yes,,0.98,
/hausarzt/reutlingen/herr-dr-med-till-reckert-reutlingen,https://navoria.de/praxis/reutlingen/herr-dr-med-till-reckert-SWBpFs,Herr Dr. med. Till Reckert,MATCHED_PHASE2,yes,,,street+plz+name
/hausarzt/rheda-wiedenbrueck/praxis-m-abou-zeidan-rheda-wiedenbrck,https://navoria.de/praxis/rheda-wiedenbrueck/praxis-m-abou-zeidan-t-Sdxs,Praxis M. Abou Zeidan,PLACES_IMPORTED_NEW,yes,,0.98,
/hausarzt/rostock/frau-dipl-med-susanne-decker-rostock,https://navoria.de/praxis/rostock/praxis-drmed-susanne-markmann-fachaerztin-f-frauenheilkunde-und-geburtshilfe-iTCmLI,Praxis Dr.med. Susanne Markmann Fachärztin f. Frauenheilkunde und Geburtshilfe,MATCHED_PHASE2,yes,,,street+plz+name
/hausarzt/rottenburg/herr-dr-med-matthias-ehrt-rottenburg,https://navoria.de/praxis/rottenburg-am-neckar/herr-dr-med-matthias-ehrt-IkuNfo,Herr Dr. med. Matthias Ehrt,PLACES_IMPORTED_NEW,yes,,0.98,
/hausarzt/schwerin/dr-med-torsten-dahlmann-schwerin,https://navoria.de/praxis/schwerin/dr-med-torsten-dahlmann-eblp8Y,Dr. med. Torsten Dahlmann,PLACES_IMPORTED_NEW,yes,,0.98,
/hausarzt/schwerin/herr-dipl-med-karsten-reininghaus-schwerin,https://navoria.de/praxis/schwerin/herr-dipl-med-karsten-reininghaus-nrdYJQ,Herr Dipl.-Med. Karsten Reininghaus,PLACES_IMPORTED_NEW,yes,,0.98,
/hausarzt/sendenhorst/dr-udo-hecke-sendenhorst,https://navoria.de/praxis/sendenhorst/dr-udo-hecke-Ob9Q5Y,Dr. Udo Hecke,PLACES_IMPORTED_NEW,yes,,0.98,
/hausarzt/siegen/dr-med-martin-mansfeld-siegen,https://navoria.de/praxis/siegen/dr-med-martin-mansfeld-byTxlg,Dr. med. Martin Mansfeld,MATCHED_PHASE2,yes,,,street+plz+name
/hausarzt/soest/dr-med-barbara-knollmann-soest,https://navoria.de/praxis/soest/dr-med-barbara-knollmann-fsXC1c,Dr. med. Barbara Knollmann,PLACES_IMPORTED_NEW,yes,,0.98,
/hausarzt/solingen/drmed-hans-peter-holbeck-solingen,https://navoria.de/praxis/solingen/drmed-hans-peter-holbeck-mTPUdI,Dr.med. Hans-Peter Holbeck,MATCHED_PHASE2,yes,,,street+plz+name
/hausarzt/sulzbach-rosenberg/claudius-rothbauer-sulzbach-rosenberg,https://navoria.de/praxis/sulzbach-rosenberg/gemeinschaftspraxis-rothbauer-dr-heil-Ck50J8,Gemeinschaftspraxis Rothbauer & Dr. Heil,PLACES_IMPORTED_NEW,yes,,0.98,
/hausarzt/troisdorf/dr-heeg-troisdorf,https://navoria.de/praxis/troisdorf/dr-heeg-2u3K8w,Dr. Heeg,PLACES_IMPORTED_NEW,yes,,0.98,
/hausarzt/ulm/dr-med-frank-riederle-ulm,https://navoria.de/praxis/ulm/dr-med-frank-riederle-OVfBD4,Dr. med. Frank Riederle,MATCHED_PHASE2,yes,,,street+plz+name
/hausarzt/versmold/herr-alexander-sinica-versmold,https://navoria.de/praxis/versmold/herr-alexander-sinica-wtM2XE,Herr Alexander Sinica,PLACES_IMPORTED_NEW,yes,,0.98,
/hausarzt/wanzleben-boerde/herr-dr-med-ernst-schoof-wanzleben-brde,https://navoria.de/praxis/wanzleben-boerde/herr-dr-med-ernst-schoof-WMTM2w,Herr Dr. med. Ernst Schoof,PLACES_IMPORTED_NEW,yes,,0.98,
/hausarzt/weimar/dr-med-heiko-filz-weimar,https://navoria.de/praxis/weimar/dr-med-heiko-filz-C2Q6c0,Dr. med. Heiko Filz,PLACES_IMPORTED_NEW,yes,,0.98,
/hausarzt/wiesbaden/herr-olav-heringer-wiesbaden,https://navoria.de/praxis/wiesbaden/onkologe-olav-heringer-dTi4j8,Onkologe Olav Heringer,PLACES_IMPORTED_NEW,yes,,0.98,
/hausarzt/wismar/dr-romy-kujat-wismar,https://navoria.de/praxis/wismar/dr-romy-kujat-xsJ0aE,Dr. Romy Kujat,PLACES_IMPORTED_NEW,yes,,0.98,
/hausarzt/witten/dr-berg-witten,https://navoria.de/praxis/witten/dr-berg-8qwF7k,Dr. Berg,MATCHED_PHASE2,yes,,,street+plz+name
/hausarzt/zossen/herr-andreas-leese-zossen,https://navoria.de/praxis/zossen/herr-andreas-leese-jQabTU,Herr Andreas Leese,PLACES_IMPORTED_NEW,yes,,0.98,
/hautarzt/annaberg-buchholz/diana-demmler-fachrztin-fr-haut-und-geschlechtskrankheiten-annaberg-buchholz,https://navoria.de/praxis/annaberg-buchholz/diana-demmler-fachaerztin-fuer-haut-und-geschlechtskrankheiten-hH_Oek,Diana Demmler - Fachärztin für Haut- und Geschlechtskrankheiten,PLACES_IMPORTED_NEW,yes,,0.98,
/hautarzt/bad-segeberg/herr-dr-med-stefan-peker-6982,https://navoria.de/praxis/bad-segeberg/herr-dr-med-stefan-peker-7Uh34Y,Herr Dr. med. Stefan Peker,PLACES_IMPORTED_NEW,yes,,0.98,
/hautarzt/baunatal/frau-dr-med-regina-hahn-baunatal,https://navoria.de/praxis/baunatal/frau-dr-med-regina-hahn-3F01ZI,Frau Dr. med. Regina Hahn,PLACES_IMPORTED_NEW,yes,,0.98,
/hautarzt/berlin/hautarztpraxis-rahaf-ali,https://navoria.de/praxis/berlin/hautarztpraxis-rahaf-ali-oNKqJ0,Hautarztpraxis Rahaf Ali,PLACES_IMPORTED_NEW,yes,,0.98,
/hno-arzt/lorsch/hno-praxis-lorsch-dr-med-sabine-weiss-lorsch,https://navoria.de/praxis/lorsch/hno-praxis-lorsch-dr-med-sabine-weiss-cS9LlY,HNO Praxis Lorsch - Dr. med. Sabine Weiss,PLACES_IMPORTED_NEW,yes,,0.98,
/kinderarzt/erbach/frau-dr-med-romy-schreck-erbach,https://navoria.de/praxis/erbach/frau-dr-med-romy-schreck-tlbRLc,Frau Dr. med. Romy Schreck,PLACES_IMPORTED_NEW,yes,,0.98,
/kinderarzt/isny/dr-med-alexander-moch-isny,https://navoria.de/praxis/isny-im-allgaeu/dr-med-alexander-moch-bGyXkY,Dr. med. Alexander Moch,PLACES_IMPORTED_NEW,yes,,0.98,
/orthopaede/frankenbergsachsen/drmed-ellen-barth-frankenbergsachsen,https://navoria.de/praxis/frankenberg-sachsen/dr-med-ellen-barth-59-KWw,Dr.med. Ellen Barth,PLACES_IMPORTED_NEW,yes,,0.98,
/orthopaede/frankenbergsachsen/herr-dr-med-dirk-harlos-frankenbergsachsen,https://navoria.de/praxis/frankenberg-sachsen/herr-dr-med-dirk-harlos-aMJLQo,Herr Dr. med. Dirk Harlos,PLACES_IMPORTED_NEW,yes,,0.98,
/orthopaede/luckenwalde/dr-med-bettina-kuehne,https://navoria.de/praxis/luckenwalde/dr-med-bettina-kuehne-2lEqAM,Dr. med. Bettina Kühne,PLACES_IMPORTED_NEW,yes,,0.98,
/orthopaede/olsberg/dr-med-bernd-j-kamitter-olsberg,https://navoria.de/praxis/olsberg/dr-med-bernd-j-kamitter-0_qtAI,Dr. med. Bernd J. Kamitter,PLACES_IMPORTED_NEW,yes,,0.98,
/orthopaede/ottweiler/drmed-axel-wolf-facharzt-fr-orthopdie-ottweiler,https://navoria.de/praxis/ottweiler/dr-med-axel-wolf-facharzt-fuer-orthopaedie-0aZa_g,Dr.med. Axel Wolf Facharzt für Orthopädie,PLACES_IMPORTED_NEW,yes,,0.98,
/orthopaede/selb/herr-dr-med-detlef-phlmann-selb,https://navoria.de/praxis/selb/herr-dr-med-detlef-poehlmann-RcmGeU,Herr Dr. med. Detlef Pöhlmann,PLACES_IMPORTED_NEW,yes,,0.98,
/orthopaede/wernigerode/dr-med-christian-gottwald-wernigerode,https://navoria.de/praxis/wernigerode/dr-med-christian-gottwald-kUPbmc,Dr. med. Christian Gottwald,PLACES_IMPORTED_NEW,yes,,0.98,
/zahnarzt/ansbach/dr-med-dent-hubert-gradl-ansbach,https://navoria.de/praxis/ansbach/dr-med-dent-hubert-gradl-g5fB54,Dr. med. dent. Hubert Gradl,PLACES_IMPORTED_NEW,yes,,0.98,
/zahnarzt/asslar/herr-dr-ulrich-muskat-alar,https://navoria.de/praxis/asslar/herr-dr-ulrich-muskat-Lo5K60,Herr Dr. Ulrich Muskat,PLACES_IMPORTED_NEW,yes,,0.98,
/zahnarzt/bad/herr-dr-ernst-georg-schwerdtfeger-bad,https://navoria.de/praxis/bad-arolsen/herr-dr-ernst-georg-schwerdtfeger-MdHcA0,Herr Dr. Ernst-Georg Schwerdtfeger,PLACES_IMPORTED_NEW,yes,,0.98,
/zahnarzt/frankenbergsachsen/dr-med-dent-sybille-wetzig-frankenbergsachsen,https://navoria.de/praxis/frankenberg-sachsen/dr-med-dent-sybille-wetzig-tWOAQo,Dr. med. dent. Sybille Wetzig,PLACES_IMPORTED_NEW,yes,,0.98,
/zahnarzt/landau/frau-prof-dr-med-dent-claudia-reicheneder-landau,https://navoria.de/praxis/landau-an-der-isar/kieferorthopaedie-landau-prof-dr-claudia-reicheneder-XVt15E,Kieferorthopädie Landau Prof. Dr. Claudia Reicheneder,PLACES_IMPORTED_NEW,yes,,0.98,
/zahnarzt/langelsheim/frau-dr-iris-westermann-langelsheim,https://navoria.de/praxis/langelsheim/frau-dr-iris-westermann-rc75038,Frau Dr. Iris Westermann,REVIEW_CREATED,yes,,,
