source_path,source_full_url,parsed_name,parsed_city,parsed_specialty,best_candidate,candidate_address,navoria_target_url,match_score,second_best_score,status
/hausarzt/offenbach/frau-dr-med-gabriele-frey-offenbach,https://rzte-online.vercel.app/hausarzt/offenbach/frau-dr-med-gabriele-frey-offenbach,gabriele frey offenbach,offenbach,hausarzt,Frau Dr. med. Gabriele Frey,"Bieberer Str. 148, 63071 Offenbach am Main",https://navoria.de/praxis/offenbach-am-main/frau-dr-med-gabriele-frey-_DD4Z4,0.872,0.684,SAFE
/hautarzt/berlin/hautarztpraxis-rahaf-ali,https://rzte-online.vercel.app/hautarzt/berlin/hautarztpraxis-rahaf-ali,rahaf ali,berlin,hautarzt,Prof. Dr. Mazda Adli,"Markgrafenstraße 34, 10117 Berlin",https://navoria.de/praxis/berlin/prof-dr-mazda-adli-eyq0FA,0.615,0.573,REVIEW
/hausarzt/crailsheim/gemeinschaftspraxis-ulrich-rupp-florian-setzer,https://rzte-online.vercel.app/hausarzt/crailsheim/gemeinschaftspraxis-ulrich-rupp-florian-setzer,ulrich rupp florian setzer,crailsheim,hausarzt,,,,,,UNMATCHED
/orthopaede/wernigerode/dr-med-christian-gottwald-wernigerode,https://rzte-online.vercel.app/orthopaede/wernigerode/dr-med-christian-gottwald-wernigerode,christian gottwald wernigerode,wernigerode,orthopaede,,,,,,UNMATCHED
/hautarzt/annaberg-buchholz/diana-demmler-fachrztin-fr-haut-und-geschlechtskrankheiten-annaberg-buchholz,https://rzte-online.vercel.app/hautarzt/annaberg-buchholz/diana-demmler-fachrztin-fr-haut-und-geschlechtskrankheiten-annaberg-buchholz,diana demmler annaberg buchholz,annaberg-buchholz,hautarzt,,,,,,UNMATCHED
/arzt/duesseldorf/dr-med-jrg-wienke-dsseldorf,https://rzte-online.vercel.app/arzt/duesseldorf/dr-med-jrg-wienke-dsseldorf,jrg wienke duesseldorf,duesseldorf,arzt,Orthopädie Düsseldorf,"Am Hackenbruch 11, 40231 Düsseldorf-Stadtbezirk 8",https://navoria.de/praxis/duesseldorf/orthopaedie-duesseldorf-Sch2Lw,0.778,0.688,REVIEW
/arzt/coburg/dr-jaweed-abo-shawish,https://rzte-online.vercel.app/arzt/coburg/dr-jaweed-abo-shawish,jaweed abo shawish,coburg,arzt,,,,,,UNMATCHED
/hausarzt/koblenz/herr-dr-med-uwe-barnikel-koblenz,https://rzte-online.vercel.app/hausarzt/koblenz/herr-dr-med-uwe-barnikel-koblenz,uwe barnikel koblenz,koblenz,hausarzt,Herr Dr. med. Uwe Barnikel,"Kemmertstraße 1, 56072 Metternich",https://navoria.de/praxis/koblenz/herr-dr-med-uwe-barnikel-EZI9ko,0.872,0.626,SAFE
/augenarzt/montabaur/dr-med-christhoper-hagelauer-montabaur,https://rzte-online.vercel.app/augenarzt/montabaur/dr-med-christhoper-hagelauer-montabaur,christhoper hagelauer montabaur,montabaur,augenarzt,,,,,,UNMATCHED
/augenarzt/frankfurt/dr-med-c-hofmann-frankfurt,https://rzte-online.vercel.app/augenarzt/frankfurt/dr-med-c-hofmann-frankfurt,hofmann frankfurt,frankfurt,augenarzt,Dr. med. C. Hofmann,"Pfingstweidstraße 5, 60316 Frankfurt am Main-Bornheim/Ostend",https://navoria.de/praxis/frankfurt-am-main/dr-med-c-hofmann-sHk8sU,0.860,0.825,REVIEW
/hausarzt/cuxhaven/herr-dr-med-roland-hartwig-cuxhaven,https://rzte-online.vercel.app/hausarzt/cuxhaven/herr-dr-med-roland-hartwig-cuxhaven,roland hartwig cuxhaven,cuxhaven,hausarzt,,,,,,UNMATCHED
/orthopaede/selb/herr-dr-med-detlef-phlmann-selb,https://rzte-online.vercel.app/orthopaede/selb/herr-dr-med-detlef-phlmann-selb,detlef phlmann selb,selb,orthopaede,,,,,,UNMATCHED
/hausarzt/dueren/herr-dr-med-axel-storch-dren,https://rzte-online.vercel.app/hausarzt/dueren/herr-dr-med-axel-storch-dren,axel storch dueren,dueren,hausarzt,Herr Dr. med. Axel Storch,"Marienstraße 13, 52351 Düren",https://navoria.de/praxis/dueren/herr-dr-med-axel-storch-Iojlrk,0.872,0.622,SAFE
/hausarzt/gummersbach/dr-med-christiane-sieber-gummersbach,https://rzte-online.vercel.app/hausarzt/gummersbach/dr-med-christiane-sieber-gummersbach,christiane sieber gummersbach,gummersbach,hausarzt,,,,,,UNMATCHED
/hautarzt/bad-segeberg/herr-dr-med-stefan-peker-6982,https://rzte-online.vercel.app/hautarzt/bad-segeberg/herr-dr-med-stefan-peker-6982,stefan peker,bad-segeberg,hautarzt,,,,,,UNMATCHED
/hausarzt/muenster/prof-dr-med-dr-hc-michael-zitzmann-mnster,https://rzte-online.vercel.app/hausarzt/muenster/prof-dr-med-dr-hc-michael-zitzmann-mnster,michael zitzmann muenster,muenster,hausarzt,Herr Dr. med. Michael Szukaj - Münster,"Am Rohrbusch 56, 48161 Münster",https://navoria.de/praxis/muenster/herr-dr-med-michael-szukaj-muenster-Xot4jQ,0.754,0.720,REVIEW
/hausarzt/mainburg/dr-luitpold-kistler-mainburg,https://rzte-online.vercel.app/hausarzt/mainburg/dr-luitpold-kistler-mainburg,luitpold kistler mainburg,mainburg,hausarzt,,,,,,UNMATCHED
/orthopaede/luckenwalde/dr-med-bettina-kuehne,https://rzte-online.vercel.app/orthopaede/luckenwalde/dr-med-bettina-kuehne,bettina kuehne,luckenwalde,orthopaede,,,,,,UNMATCHED
/hausarzt/neubrandenburg/gemeinschaftspraxis-dr-sren-dreler-dr-gunnar-zinapold-neubrandenburg,https://rzte-online.vercel.app/hausarzt/neubrandenburg/gemeinschaftspraxis-dr-sren-dreler-dr-gunnar-zinapold-neubrandenburg,sren dreler gunnar zinapold neubrandenburg,neubrandenburg,hausarzt,,,,,,UNMATCHED
/hausarzt/kassel/frau-charlotte-lehnert,https://rzte-online.vercel.app/hausarzt/kassel/frau-charlotte-lehnert,charlotte lehnert,kassel,hausarzt,Frau Charlotte Lehnert,"Kirchweg 31, 34121 Kassel-Wehlheiden",https://navoria.de/praxis/kassel/frau-charlotte-lehnert-F5pRDI,0.965,0.579,SAFE
/hausarzt/ulm/dr-med-frank-riederle-ulm,https://rzte-online.vercel.app/hausarzt/ulm/dr-med-frank-riederle-ulm,frank riederle ulm,ulm,hausarzt,Dr. med. Frank Riederle,"Schlossergasse 1, 89077 Ulm",https://navoria.de/praxis/ulm/dr-med-frank-riederle-OVfBD4,0.872,0.603,SAFE
/frauenarzt/landau/frauenarztpraxis-natalya-klassen-landau,https://rzte-online.vercel.app/frauenarzt/landau/frauenarztpraxis-natalya-klassen-landau,natalya klassen landau,landau,frauenarzt,,,,,,UNMATCHED
/hausarzt/castrop-rauxel/andrey-nefedev-julia-carolin-nefedev-castrop-rauxel,https://rzte-online.vercel.app/hausarzt/castrop-rauxel/andrey-nefedev-julia-carolin-nefedev-castrop-rauxel,andrey nefedev julia carolin nefedev castrop rauxel,castrop-rauxel,hausarzt,Evangelisches Krankenhaus Castrop-Rauxel,"Grutholzallee 21, 44577 Castrop-Rauxel",https://navoria.de/praxis/castrop-rauxel/evangelisches-krankenhaus-castrop-rauxel-EQJ1eA,0.531,0.521,REVIEW
/hausarzt/weimar/dr-med-heiko-filz-weimar,https://rzte-online.vercel.app/hausarzt/weimar/dr-med-heiko-filz-weimar,heiko filz weimar,weimar,hausarzt,,,,,,UNMATCHED
/hausarzt/leipzig/frau-dr-med-katja-khn-leipzig,https://rzte-online.vercel.app/hausarzt/leipzig/frau-dr-med-katja-khn-leipzig,katja khn leipzig,leipzig,hausarzt,Praxis Dr. Kautz Leipzig,"Ferdinand-Rhode-Straße 3B, 04107 Leipzig",https://navoria.de/praxis/leipzig/praxis-dr-kautz-leipzig-JoBF20,0.734,0.635,REVIEW
/hno-arzt/lorsch/hno-praxis-lorsch-dr-med-sabine-weiss-lorsch,https://rzte-online.vercel.app/hno-arzt/lorsch/hno-praxis-lorsch-dr-med-sabine-weiss-lorsch,hno lorsch sabine weiss lorsch,lorsch,hno-arzt,,,,,,UNMATCHED
/hausarzt/frankenthal/dr-med-duc-chung-bui-facharzt-fuer-allgemeinmedizin-notfallmedizin,https://rzte-online.vercel.app/hausarzt/frankenthal/dr-med-duc-chung-bui-facharzt-fuer-allgemeinmedizin-notfallmedizin,duc chung bui,frankenthal,hausarzt,,,,,,UNMATCHED
/hausarzt/pattensen/frau-claudia-timm-pattensen,https://rzte-online.vercel.app/hausarzt/pattensen/frau-claudia-timm-pattensen,claudia timm pattensen,pattensen,hausarzt,,,,,,UNMATCHED
/arzt/korbach/herr-walter-brggemann-korbach,https://rzte-online.vercel.app/arzt/korbach/herr-walter-brggemann-korbach,walter brggemann korbach,korbach,arzt,,,,,,UNMATCHED
/hausarzt/offenbach/dr-med-r-kappus-offenbach,https://rzte-online.vercel.app/hausarzt/offenbach/dr-med-r-kappus-offenbach,kappus offenbach,offenbach,hausarzt,Dr. med. R. Kappus,"Berliner Str. 75, 63065 Offenbach am Main-Frankfurt-Ost",https://navoria.de/praxis/offenbach-am-main/dr-med-r-kappus-0CTdkI,0.825,0.731,REVIEW
/hausarzt/eisenach/gemeinschaftspraxis-dr-med-katja-heim-dr-med-univ-neusatz-aleksandar-griesser-aleksic-eisenach,https://rzte-online.vercel.app/hausarzt/eisenach/gemeinschaftspraxis-dr-med-katja-heim-dr-med-univ-neusatz-aleksandar-griesser-aleksic-eisenach,katja heim neusatz aleksandar griesser aleksic eisenach,eisenach,hausarzt,,,,,,UNMATCHED
/hausarzt/muenchen/praxis-dr-med-qassim-al-saadawi-mnchen,https://rzte-online.vercel.app/hausarzt/muenchen/praxis-dr-med-qassim-al-saadawi-mnchen,qassim al saadawi muenchen,muenchen,hausarzt,Allgemeinmedizin München Ost,"Achentalstraße 10A, 81671 München",https://navoria.de/praxis/muenchen/allgemeinmedizin-muenchen-ost-n0oem8,0.650,0.631,REVIEW
/hausarzt/homberg/drsmed-volker-dittschar-und-andr-otto-homberg,https://rzte-online.vercel.app/hausarzt/homberg/drsmed-volker-dittschar-und-andr-otto-homberg,volker dittschar andr otto homberg,homberg,hausarzt,,,,,,UNMATCHED
/hausarzt/erkelenz/praxis-dr-beate-abuzahra-2652,https://rzte-online.vercel.app/hausarzt/erkelenz/praxis-dr-beate-abuzahra-2652,beate abuzahra,erkelenz,hausarzt,,,,,,UNMATCHED
/augenarzt/neutraubling/drmed-bernhard-roesen-neutraubling,https://rzte-online.vercel.app/augenarzt/neutraubling/drmed-bernhard-roesen-neutraubling,bernhard roesen neutraubling,neutraubling,augenarzt,Dr.med. Bernhard Roesen,"Aussiger Str. 11, 93073 Neutraubling",https://navoria.de/praxis/neutraubling/drmed-bernhard-roesen-tmMPvY,0.907,0.613,SAFE
/hausarzt/hagen/dr-med-m-farsab-hagen,https://rzte-online.vercel.app/hausarzt/hagen/dr-med-m-farsab-hagen,farsab hagen,hagen,hausarzt,Dr. Med. M. Farsab,"Friedrich-Ebert-Platz 2, 58095 Hagen",https://navoria.de/praxis/hagen/dr-med-m-farsab-Hz_8uU,0.825,0.638,REVIEW
/hausarzt/pinneberg/frau-dr-med-mechthild-tammen-pinneberg,https://rzte-online.vercel.app/hausarzt/pinneberg/frau-dr-med-mechthild-tammen-pinneberg,mechthild tammen pinneberg,pinneberg,hausarzt,,,,,,UNMATCHED
/frauenarzt/oberndorf/ildiko-husar-fachrztin-fr-frauenheilkunde-und-geburtshilfe-oberndorf,https://rzte-online.vercel.app/frauenarzt/oberndorf/ildiko-husar-fachrztin-fr-frauenheilkunde-und-geburtshilfe-oberndorf,ildiko husar oberndorf,oberndorf,frauenarzt,,,,,,UNMATCHED
/hausarzt/landau/praxis-dr-manfred-lehmann-landau,https://rzte-online.vercel.app/hausarzt/landau/praxis-dr-manfred-lehmann-landau,manfred lehmann landau,landau,hausarzt,,,,,,UNMATCHED
/hausarzt/troisdorf/dr-heeg-troisdorf,https://rzte-online.vercel.app/hausarzt/troisdorf/dr-heeg-troisdorf,heeg troisdorf,troisdorf,hausarzt,MVZ Rhein-Sieg • Troisdorf,"Hospitalstraße 45, 53840 Troisdorf",https://navoria.de/praxis/troisdorf/mvz-rhein-sieg-troisdorf-mNJ4jI,0.675,0.675,REVIEW
/hausarzt/esslingen-am-neckar/herr-dr-imf-klausenburg-roland-henrich,https://rzte-online.vercel.app/hausarzt/esslingen-am-neckar/herr-dr-imf-klausenburg-roland-henrich,klausenburg roland henrich,esslingen-am-neckar,hausarzt,Herr Dr. (IMF Klausenburg) Roland Henrich,"Schenkenbergstraße 70, 73733 Esslingen am Neckar-Mettingen",https://navoria.de/praxis/esslingen-am-neckar/herr-dr-imf-klausenburg-roland-henrich-H1TAQc,0.965,0.584,SAFE
/hausarzt/erfurt/praxis-fr-allgemeinmedizin-wolfgang-arand-erfurt,https://rzte-online.vercel.app/hausarzt/erfurt/praxis-fr-allgemeinmedizin-wolfgang-arand-erfurt,wolfgang arand erfurt,erfurt,hausarzt,Praxis für Allgemeinmedizin Wolfgang Arand,"Wilhelm-Busch-Straße 13, 99099 Erfurt-Daberstedt",https://navoria.de/praxis/erfurt/praxis-fuer-allgemeinmedizin-wolfgang-arand-phytEU,0.907,0.598,SAFE
/hausarzt/ravensburg/dr-med-ingrid-schubert-ravensburg,https://rzte-online.vercel.app/hausarzt/ravensburg/dr-med-ingrid-schubert-ravensburg,ingrid schubert ravensburg,ravensburg,hausarzt,,,,,,UNMATCHED
/hausarzt/crailsheim/herr-dr-gerhard-slavetinsky,https://rzte-online.vercel.app/hausarzt/crailsheim/herr-dr-gerhard-slavetinsky,gerhard slavetinsky,crailsheim,hausarzt,,,,,,UNMATCHED
/hausarzt/hueckelhoven/hausarztpraxis-baal-hckelhoven,https://rzte-online.vercel.app/hausarzt/hueckelhoven/hausarztpraxis-baal-hckelhoven,baal hueckelhoven,hueckelhoven,hausarzt,,,,,,UNMATCHED
/hausarzt/holzgerlingen/dr-med-annemarie-trost-holzgerlingen,https://rzte-online.vercel.app/hausarzt/holzgerlingen/dr-med-annemarie-trost-holzgerlingen,annemarie trost holzgerlingen,holzgerlingen,hausarzt,,,,,,UNMATCHED
/hausarzt/delitzsch/dr-med-gerald-eckhardt-delitzsch,https://rzte-online.vercel.app/hausarzt/delitzsch/dr-med-gerald-eckhardt-delitzsch,gerald eckhardt delitzsch,delitzsch,hausarzt,Chirurgische Praxis Delitzsch,"Ludwig-Jahn-Straße 4, 04509 Delitzsch",https://navoria.de/praxis/delitzsch/chirurgische-praxis-delitzsch-tlsdms,0.594,0.511,REVIEW
/arzt/backnang/martina-aggensteiner-backnang,https://rzte-online.vercel.app/arzt/backnang/martina-aggensteiner-backnang,martina aggensteiner backnang,backnang,arzt,Zahnspange Backnang,"Sulzbacher Str. 49, 71522 Backnang",https://navoria.de/praxis/backnang/zahnspange-backnang-FHA2Qc,0.535,0.430,REVIEW
/hausarzt/ansbach/dr-med-ulrike-may-ansbach,https://rzte-online.vercel.app/hausarzt/ansbach/dr-med-ulrike-may-ansbach,ulrike may ansbach,ansbach,hausarzt,,,,,,UNMATCHED
/orthopaede/frankenbergsachsen/herr-dr-med-dirk-harlos-frankenbergsachsen,https://rzte-online.vercel.app/orthopaede/frankenbergsachsen/herr-dr-med-dirk-harlos-frankenbergsachsen,dirk harlos frankenbergsachsen,frankenbergsachsen,orthopaede,,,,,,UNMATCHED
/hausarzt/hofgeismar/gemeinschaftspraxis-trendelburg-hofgeismar,https://rzte-online.vercel.app/hausarzt/hofgeismar/gemeinschaftspraxis-trendelburg-hofgeismar,trendelburg hofgeismar,hofgeismar,hausarzt,,,,,,UNMATCHED
/hausarzt/euskirchen/dr-med-elsbeth-brammertz-euskirchen,https://rzte-online.vercel.app/hausarzt/euskirchen/dr-med-elsbeth-brammertz-euskirchen,elsbeth brammertz euskirchen,euskirchen,hausarzt,,,,,,UNMATCHED
/arzt/burgwedel/drmed-dorothee-kiwit-putzer-burgwedel,https://rzte-online.vercel.app/arzt/burgwedel/drmed-dorothee-kiwit-putzer-burgwedel,dorothee kiwit putzer burgwedel,burgwedel,arzt,,,,,,UNMATCHED
/arzt/sondershausen/dr-clemens-witzenhausen-sondershausen,https://rzte-online.vercel.app/arzt/sondershausen/dr-clemens-witzenhausen-sondershausen,clemens witzenhausen sondershausen,sondershausen,arzt,,,,,,UNMATCHED
/arzt/flensburg/drcarolin-langhanke-dr-christina-brombacher-flensburg,https://rzte-online.vercel.app/arzt/flensburg/drcarolin-langhanke-dr-christina-brombacher-flensburg,drcarolin langhanke christina brombacher flensburg,flensburg,arzt,Dr.Carolin Langhanke & Dr. Christina Brombacher,"Apenrader Str. 10, 24939 Flensburg-Klues",https://navoria.de/praxis/flensburg/drcarolin-langhanke-dr-christina-brombacher-1phW1o,0.765,0.741,REVIEW
/augenarzt/aschersleben/augenarztpraxis-bredehorn-mayr-aschersleben,https://rzte-online.vercel.app/augenarzt/aschersleben/augenarztpraxis-bredehorn-mayr-aschersleben,bredehorn mayr aschersleben,aschersleben,augenarzt,,,,,,UNMATCHED
/hausarzt/duisburg/herr-matthias-mahle-duisburg,https://rzte-online.vercel.app/hausarzt/duisburg/herr-matthias-mahle-duisburg,matthias mahle duisburg,duisburg,hausarzt,Herr Matthias Mahle,"Königstraße 38, 47051 Duisburg",https://navoria.de/praxis/duisburg/herr-matthias-mahle-Giz2S4,0.872,0.778,SAFE
/hausarzt/herzogenrath/dr-med-oliver-fensky-herzogenrath,https://rzte-online.vercel.app/hausarzt/herzogenrath/dr-med-oliver-fensky-herzogenrath,oliver fensky herzogenrath,herzogenrath,hausarzt,,,,,,UNMATCHED
/hausarzt/jever/hausarztpraxis-am-schlo-jever,https://rzte-online.vercel.app/hausarzt/jever/hausarztpraxis-am-schlo-jever,schlo jever,jever,hausarzt,Gynäkologische Gemeinschaftspraxis Jever / Wilhelmshaven,"Petersilienstraße 2, 26441 Jever",https://navoria.de/praxis/jever/gynaekologische-gemeinschaftspraxis-jever-wilhelmshaven-TPbFTM,0.596,0.529,REVIEW
/hausarzt/falkensee/hausarztpraxis-daniel-bernau-facharzt-fr-allgemeinmedizin-falkensee,https://rzte-online.vercel.app/hausarzt/falkensee/hausarztpraxis-daniel-bernau-facharzt-fr-allgemeinmedizin-falkensee,daniel bernau falkensee,falkensee,hausarzt,,,,,,UNMATCHED
/hausarzt/dorsten/herr-dr-med-georg-haase-dorsten,https://rzte-online.vercel.app/hausarzt/dorsten/herr-dr-med-georg-haase-dorsten,georg haase dorsten,dorsten,hausarzt,MediDermis Dorsten,"Südwall 15, 46282 Dorsten",https://navoria.de/praxis/dorsten/medidermis-dorsten-_UhvOA,0.579,0.552,REVIEW
/orthopaede/olsberg/dr-med-bernd-j-kamitter-olsberg,https://rzte-online.vercel.app/orthopaede/olsberg/dr-med-bernd-j-kamitter-olsberg,bernd kamitter olsberg,olsberg,orthopaede,,,,,,UNMATCHED
/hausarzt/rottenburg/herr-dr-med-matthias-ehrt-rottenburg,https://rzte-online.vercel.app/hausarzt/rottenburg/herr-dr-med-matthias-ehrt-rottenburg,matthias ehrt rottenburg,rottenburg,hausarzt,Neuro-Praxis Rottenburg Dr.Sigg/ Dr.Freist,"Spiegelgasse 1, 72108 Rottenburg am Neckar",https://navoria.de/praxis/rottenburg-am-neckar/neuro-praxis-rottenburg-drsigg-drfreist-zQkhxg,0.583,0.554,REVIEW
/hausarzt/luenen/herr-dr-med-ulrich-hning-lnen,https://rzte-online.vercel.app/hausarzt/luenen/herr-dr-med-ulrich-hning-lnen,ulrich hning luenen,luenen,hausarzt,Herr Dr. med. Ulrich Hüning,"Altstadtstraße 32, 44534 Lünen",https://navoria.de/praxis/luenen/herr-dr-med-ulrich-huening-9ImhnM,0.695,0.610,REVIEW
/hausarzt/schwerin/herr-dipl-med-karsten-reininghaus-schwerin,https://rzte-online.vercel.app/hausarzt/schwerin/herr-dipl-med-karsten-reininghaus-schwerin,karsten reininghaus schwerin,schwerin,hausarzt,,,,,,UNMATCHED
/hausarzt/ahlen/herr-dr-med-rolf-wermes-ahlen,https://rzte-online.vercel.app/hausarzt/ahlen/herr-dr-med-rolf-wermes-ahlen,rolf wermes ahlen,ahlen,hausarzt,Herr Dr. med. Rolf Wermes,"Alter Hof 5, 59227 Ahlen",https://navoria.de/praxis/ahlen/herr-dr-med-rolf-wermes-_0T6ak,0.872,0.578,SAFE
/hausarzt/freiburg/dr-med-christoph-reuss-freiburg,https://rzte-online.vercel.app/hausarzt/freiburg/dr-med-christoph-reuss-freiburg,christoph reuss freiburg,freiburg,hausarzt,Dr. med. Christoph Reuss,"Urachstraße 1, 79100 Freiburg im Breisgau-Süd",https://navoria.de/praxis/freiburg-im-breisgau/dr-med-christoph-reuss--zyR6s,0.872,0.778,SAFE
/augenarzt/eggenfelden/dr-med-jan-wacker-eggenfelden,https://rzte-online.vercel.app/augenarzt/eggenfelden/dr-med-jan-wacker-eggenfelden,jan wacker eggenfelden,eggenfelden,augenarzt,,,,,,UNMATCHED
/hausarzt/dresden/frau-dr-med-antje-rahrisch-dresden,https://rzte-online.vercel.app/hausarzt/dresden/frau-dr-med-antje-rahrisch-dresden,antje rahrisch dresden,dresden,hausarzt,Frau Dr. med. Antje Rahrisch,"Blochmannstraße 24, 01069 Dresden-Altstadt",https://navoria.de/praxis/dresden/frau-dr-med-antje-rahrisch-lkJiWU,0.907,0.626,SAFE
/hausarzt/gelnhausen/dr-med-rdiger-werner-fass-gelnhausen,https://rzte-online.vercel.app/hausarzt/gelnhausen/dr-med-rdiger-werner-fass-gelnhausen,rdiger werner fass gelnhausen,gelnhausen,hausarzt,,,,,,UNMATCHED
/arzt/freiberg/herr-dr-med-thomas-morgner-freiberg,https://rzte-online.vercel.app/arzt/freiberg/herr-dr-med-thomas-morgner-freiberg,thomas morgner freiberg,freiberg,arzt,,,,,,UNMATCHED
/hausarzt/burghausen/herr-dr-med-christian-schweinberger-burghausen,https://rzte-online.vercel.app/hausarzt/burghausen/herr-dr-med-christian-schweinberger-burghausen,christian schweinberger burghausen,burghausen,hausarzt,,,,,,UNMATCHED
/arzt/geilenkirchen/dr-kian-tajrobehkar-geilenkirchen,https://rzte-online.vercel.app/arzt/geilenkirchen/dr-kian-tajrobehkar-geilenkirchen,kian tajrobehkar geilenkirchen,geilenkirchen,arzt,,,,,,UNMATCHED
/arzt/annaberg-buchholz/herr-dr-med-jrgen-schulze-annaberg-buchholz,https://rzte-online.vercel.app/arzt/annaberg-buchholz/herr-dr-med-jrgen-schulze-annaberg-buchholz,jrgen schulze annaberg buchholz,annaberg-buchholz,arzt,,,,,,UNMATCHED
/arzt/annaberg-buchholz/diplmed-mario-meinig-annaberg-buchholz,https://rzte-online.vercel.app/arzt/annaberg-buchholz/diplmed-mario-meinig-annaberg-buchholz,mario meinig annaberg buchholz,annaberg-buchholz,arzt,,,,,,UNMATCHED
/hausarzt/geseke/frau-dr-med-ulrike-kleine-geseke,https://rzte-online.vercel.app/hausarzt/geseke/frau-dr-med-ulrike-kleine-geseke,ulrike kleine geseke,geseke,hausarzt,Orthopädie und Unfallchirurgie Geseke - Ammar Dabelah,"Hellweg 2, 59590 Geseke",https://navoria.de/praxis/geseke/orthopaedie-und-unfallchirurgie-geseke-ammar-dabelah-tWM6Vk,0.510,,REVIEW
/orthopaede/frankenbergsachsen/drmed-ellen-barth-frankenbergsachsen,https://rzte-online.vercel.app/orthopaede/frankenbergsachsen/drmed-ellen-barth-frankenbergsachsen,ellen barth frankenbergsachsen,frankenbergsachsen,orthopaede,,,,,,UNMATCHED
/hausarzt/lehrte/dr-med-martin-schick-lehrte,https://rzte-online.vercel.app/hausarzt/lehrte/dr-med-martin-schick-lehrte,martin schick lehrte,lehrte,hausarzt,KRH Klinikum Lehrte,"Manskestraße 22, 31275 Lehrte",https://navoria.de/praxis/lehrte/krh-klinikum-lehrte-k8Qrc0,0.526,0.370,REVIEW
/hausarzt/bochum/herr-dr-med-clemens-seifert-bochum,https://rzte-online.vercel.app/hausarzt/bochum/herr-dr-med-clemens-seifert-bochum,clemens seifert bochum,bochum,hausarzt,Herr Dr. med. Clemens Seifert,"Kemnader Str. 316, 44797 Bochum Süd",https://navoria.de/praxis/bochum/herr-dr-med-clemens-seifert-aR5Szo,0.872,0.610,SAFE
/hausarzt/erlangen/drmed-christian-dbig-erlangen,https://rzte-online.vercel.app/hausarzt/erlangen/drmed-christian-dbig-erlangen,christian dbig erlangen,erlangen,hausarzt,Dr.med. Christian Döbig,"Hilpertstraße 23, 91052 Erlangen",https://navoria.de/praxis/erlangen/drmed-christian-doebig-a1NHSI,0.689,0.610,REVIEW
/hausarzt/berlin/dr-mehdi-rafii-berlin,https://rzte-online.vercel.app/hausarzt/berlin/dr-mehdi-rafii-berlin,mehdi rafii berlin,berlin,hausarzt,Dentalpraxis-Berlin - Zahnarztpraxis,"Fuggerstraße 35, 10777 Berlin",https://navoria.de/praxis/berlin/dentalpraxis-berlin-zahnarztpraxis-mOyOis,0.601,0.598,REVIEW
/hausarzt/jena/praxis-dr-med-karsten-gneist-jena,https://rzte-online.vercel.app/hausarzt/jena/praxis-dr-med-karsten-gneist-jena,karsten gneist jena,jena,hausarzt,Praxis Dr. med. Karsten Gneist,"Wilhelm-Külz-Straße 7, 07743 Jena",https://navoria.de/praxis/jena/praxis-dr-med-karsten-gneist-2ErPAY,0.872,0.568,SAFE
/arzt/schwalmstadt/drmed-frank-hellmann-schwalmstadt,https://rzte-online.vercel.app/arzt/schwalmstadt/drmed-frank-hellmann-schwalmstadt,frank hellmann schwalmstadt,schwalmstadt,arzt,,,,,,UNMATCHED
/hausarzt/siegen/dr-med-martin-mansfeld-siegen,https://rzte-online.vercel.app/hausarzt/siegen/dr-med-martin-mansfeld-siegen,martin mansfeld siegen,siegen,hausarzt,Dr. med. Martin Mansfeld,"Häuslingstraße 22, 57074 Siegen",https://navoria.de/praxis/siegen/dr-med-martin-mansfeld-byTxlg,0.872,0.716,SAFE
/kinderarzt/erbach/frau-dr-med-romy-schreck-erbach,https://rzte-online.vercel.app/kinderarzt/erbach/frau-dr-med-romy-schreck-erbach,romy schreck erbach,erbach,kinderarzt,Praxis Dr. Schwarz – Augenärzte in Erbach,"Ehinger Str. 31-33, 89155 Erbach",https://navoria.de/praxis/erbach/praxis-dr-schwarz-augenaerzte-in-erbach-Uyk0-8,0.552,0.547,REVIEW
/hausarzt/netphen/kinderarztpraxis-turian-westphal-ehemals-koch-netphen,https://rzte-online.vercel.app/hausarzt/netphen/kinderarztpraxis-turian-westphal-ehemals-koch-netphen,turian westphal koch netphen,netphen,hausarzt,Marien Ambulant - Frauenheilkunde Netphen / Sabine Hartmann/Dr. med. Carola Weber/Mireille C. Bangue,"Lahnstraße 48, 57250 Netphen",https://navoria.de/praxis/netphen/marien-ambulant-frauenheilkunde-netphen-sabine-hartmanndr-med-carola-webermireil-PxRXVc,0.510,0.386,REVIEW
/arzt/holzgerlingen/dr-med-dagmar-hofsss-bock-holzgerlingen,https://rzte-online.vercel.app/arzt/holzgerlingen/dr-med-dagmar-hofsss-bock-holzgerlingen,dagmar hofsss bock holzgerlingen,holzgerlingen,arzt,Dr. med. Dagmar Hofsäss-Bock,"Böblinger Str. 2, 71088 Holzgerlingen",https://navoria.de/praxis/holzgerlingen/dr-med-dagmar-hofsaess-bock-i8xtEk,0.706,,REVIEW
/hausarzt/freiburg/dr-med-stefan-rahner-freiburg,https://rzte-online.vercel.app/hausarzt/freiburg/dr-med-stefan-rahner-freiburg,stefan rahner freiburg,freiburg,hausarzt,Dr. med. Stefan Rahner,"Lorettostraße 2, 79100 Freiburg im Breisgau-Süd",https://navoria.de/praxis/freiburg-im-breisgau/dr-med-stefan-rahner-5UBS1c,0.872,0.778,SAFE
/arzt/schwedtoder/praxisgemeinschaft-fr-urologie-zenk-roszyk-schwedtoder,https://rzte-online.vercel.app/arzt/schwedtoder/praxisgemeinschaft-fr-urologie-zenk-roszyk-schwedtoder,urologie zenk roszyk schwedt oder,schwedt-oder,arzt,,,,,,UNMATCHED
/hausarzt/schwerin/dr-med-torsten-dahlmann-schwerin,https://rzte-online.vercel.app/hausarzt/schwerin/dr-med-torsten-dahlmann-schwerin,torsten dahlmann schwerin,schwerin,hausarzt,,,,,,UNMATCHED
/hausarzt/witten/dr-berg-witten,https://rzte-online.vercel.app/hausarzt/witten/dr-berg-witten,berg witten,witten,hausarzt,Dr. Berg,"Beethovenstraße 14, 58452 Witten",https://navoria.de/praxis/witten/dr-berg-8qwF7k,0.825,0.774,REVIEW
/augenarzt/fritzlar/drmed-jrg-bgeholz-fritzlar,https://rzte-online.vercel.app/augenarzt/fritzlar/drmed-jrg-bgeholz-fritzlar,jrg bgeholz fritzlar,fritzlar,augenarzt,,,,,,UNMATCHED
/hausarzt/oberndorf/herr-m-d-univ-damaskus-leon-darwisch-oberndorf,https://rzte-online.vercel.app/hausarzt/oberndorf/herr-m-d-univ-damaskus-leon-darwisch-oberndorf,damaskus leon darwisch oberndorf,oberndorf,hausarzt,,,,,,UNMATCHED
/hausarzt/reutlingen/herr-dr-med-till-reckert-reutlingen,https://rzte-online.vercel.app/hausarzt/reutlingen/herr-dr-med-till-reckert-reutlingen,till reckert reutlingen,reutlingen,hausarzt,Herr Dr. med. Till Reckert,"Lederstraße 118, 72764 Reutlingen",https://navoria.de/praxis/reutlingen/herr-dr-med-till-reckert-SWBpFs,0.872,0.712,SAFE
/hausarzt/freiberg/herr-dr-med-sigurd-bochmann-freiberg,https://rzte-online.vercel.app/hausarzt/freiberg/herr-dr-med-sigurd-bochmann-freiberg,sigurd bochmann freiberg,freiberg,hausarzt,,,,,,UNMATCHED
/hausarzt/eichstaett/dr-med-margret-bauer-eichsttt,https://rzte-online.vercel.app/hausarzt/eichstaett/dr-med-margret-bauer-eichsttt,margret bauer eichstaett,eichstaett,hausarzt,Internistisches Zentrum Eichstätt,"Weißenburger Str. 13, 85072 Eichstätt",https://navoria.de/praxis/eichstaett/internistisches-zentrum-eichstaett-3b09-k,0.584,0.358,REVIEW
/hausarzt/solingen/drmed-hans-peter-holbeck-solingen,https://rzte-online.vercel.app/hausarzt/solingen/drmed-hans-peter-holbeck-solingen,hans peter holbeck solingen,solingen,hausarzt,Dr.med. Hans-Peter Holbeck,"Gräfrather Markt 6, 42653 Solingen",https://navoria.de/praxis/solingen/drmed-hans-peter-holbeck-mTPUdI,0.930,0.553,SAFE
/arzt/erkner/thorsten-kruse-facharzt-fuer-innere-medizin-8836,https://rzte-online.vercel.app/arzt/erkner/thorsten-kruse-facharzt-fuer-innere-medizin-8836,thorsten kruse medizin,erkner,arzt,,,,,,UNMATCHED
/orthopaede/ottweiler/drmed-axel-wolf-facharzt-fr-orthopdie-ottweiler,https://rzte-online.vercel.app/orthopaede/ottweiler/drmed-axel-wolf-facharzt-fr-orthopdie-ottweiler,axel wolf ottweiler,ottweiler,orthopaede,,,,,,UNMATCHED
/hausarzt/beelitz/frau-dipl-med-ramona-wendland-beelitz,https://rzte-online.vercel.app/hausarzt/beelitz/frau-dipl-med-ramona-wendland-beelitz,ramona wendland beelitz,beelitz,hausarzt,,,,,,UNMATCHED
/arzt/lohr/herr-dr-med-dirk-trautvetter-lohr,https://rzte-online.vercel.app/arzt/lohr/herr-dr-med-dirk-trautvetter-lohr,dirk trautvetter lohr,lohr,arzt,,,,,,UNMATCHED
/hausarzt/greifswald/drmed-mathias-meyer-facharzt-fr-allgemeinmedizin-greifswald,https://rzte-online.vercel.app/hausarzt/greifswald/drmed-mathias-meyer-facharzt-fr-allgemeinmedizin-greifswald,mathias meyer greifswald,greifswald,hausarzt,,,,,,UNMATCHED
/hausarzt/haseluenne/drmed-andreas-euler-haselnne,https://rzte-online.vercel.app/hausarzt/haseluenne/drmed-andreas-euler-haselnne,andreas euler haseluenne,haseluenne,hausarzt,,,,,,UNMATCHED
/hausarzt/mittweida/dr-steffen-schreiber-mittweida,https://rzte-online.vercel.app/hausarzt/mittweida/dr-steffen-schreiber-mittweida,steffen schreiber mittweida,mittweida,hausarzt,,,,,,UNMATCHED
/hausarzt/petersberg/herr-dr-med-michael-harre-petersberg,https://rzte-online.vercel.app/hausarzt/petersberg/herr-dr-med-michael-harre-petersberg,michael harre petersberg,petersberg,hausarzt,,,,,,UNMATCHED
/arzt/bautzen/dr-med-markus-hentschel-bautzen,https://rzte-online.vercel.app/arzt/bautzen/dr-med-markus-hentschel-bautzen,markus hentschel bautzen,bautzen,arzt,,,,,,UNMATCHED
/hausarzt/philippsburg/frau-dr-med-annette-weik-scheurer-philippsburg,https://rzte-online.vercel.app/hausarzt/philippsburg/frau-dr-med-annette-weik-scheurer-philippsburg,annette weik scheurer philippsburg,philippsburg,hausarzt,,,,,,UNMATCHED
/hausarzt/luedenscheid/herr-dr-med-volker-budde-ldenscheid,https://rzte-online.vercel.app/hausarzt/luedenscheid/herr-dr-med-volker-budde-ldenscheid,volker budde luedenscheid,luedenscheid,hausarzt,,,,,,UNMATCHED
/hausarzt/buchen-odenwald/herr-helmut-koenig-5360,https://rzte-online.vercel.app/hausarzt/buchen-odenwald/herr-helmut-koenig-5360,helmut koenig,buchen-odenwald,hausarzt,,,,,,UNMATCHED
/arzt/eschwege/herr-dr-med-roman-ergang-eschwege,https://rzte-online.vercel.app/arzt/eschwege/herr-dr-med-roman-ergang-eschwege,roman ergang eschwege,eschwege,arzt,,,,,,UNMATCHED
/hausarzt/giessen/herr-dr-med-jrgen-fhrer-gieen,https://rzte-online.vercel.app/hausarzt/giessen/herr-dr-med-jrgen-fhrer-gieen,jrgen fhrer giessen,giessen,hausarzt,,,,,,UNMATCHED
/hausarzt/ahaus/dr-barbara-tielkes-ahaus,https://rzte-online.vercel.app/hausarzt/ahaus/dr-barbara-tielkes-ahaus,barbara tielkes ahaus,ahaus,hausarzt,,,,,,UNMATCHED
/hausarzt/sulzbach-rosenberg/claudius-rothbauer-sulzbach-rosenberg,https://rzte-online.vercel.app/hausarzt/sulzbach-rosenberg/claudius-rothbauer-sulzbach-rosenberg,claudius rothbauer sulzbach rosenberg,sulzbach-rosenberg,hausarzt,,,,,,UNMATCHED
/hausarzt/baunatal/michael-frlich-baunatal,https://rzte-online.vercel.app/hausarzt/baunatal/michael-frlich-baunatal,michael frlich baunatal,baunatal,hausarzt,Einhorn Apotheke Baunatal,"Marktpl. 16, 34225 Baunatal",https://navoria.de/praxis/baunatal/einhorn-apotheke-baunatal-0tLK0g,0.560,0.533,REVIEW
/hausarzt/eberswalde/dr-med-konstantin-zellmer-eberswalde,https://rzte-online.vercel.app/hausarzt/eberswalde/dr-med-konstantin-zellmer-eberswalde,konstantin zellmer eberswalde,eberswalde,hausarzt,,,,,,UNMATCHED
/zahnarzt/landau/frau-prof-dr-med-dent-claudia-reicheneder-landau,https://rzte-online.vercel.app/zahnarzt/landau/frau-prof-dr-med-dent-claudia-reicheneder-landau,claudia reicheneder landau,landau,zahnarzt,,,,,,UNMATCHED
/arzt/loebau/herr-dipl-med-helmer-hache-lbau,https://rzte-online.vercel.app/arzt/loebau/herr-dipl-med-helmer-hache-lbau,helmer hache loebau,loebau,arzt,,,,,,UNMATCHED
/augenarzt/frankenbergsachsen/dr-ute-hunger-frankenbergsachsen,https://rzte-online.vercel.app/augenarzt/frankenbergsachsen/dr-ute-hunger-frankenbergsachsen,ute hunger frankenbergsachsen,frankenbergsachsen,augenarzt,Dipl.Med. Barbara Eichinger,"Baderberg 2, 09669 Frankenberg/Sachsen",https://navoria.de/praxis/frankenbergsachsen/diplmed-barbara-eichinger-0M9xMo,0.503,0.366,REVIEW
/hausarzt/bargteheide/drmedsandra-nagel-bargteheide,https://rzte-online.vercel.app/hausarzt/bargteheide/drmedsandra-nagel-bargteheide,drmedsandra nagel bargteheide,bargteheide,hausarzt,,,,,,UNMATCHED
/hausarzt/eschborn/doctor-ivona-djoric-eschborn,https://rzte-online.vercel.app/hausarzt/eschborn/doctor-ivona-djoric-eschborn,ivona djoric eschborn,eschborn,hausarzt,,,,,,UNMATCHED
/arzt/luedenscheid/herr-dr-med-dietrich-kmpfe-ldenscheid,https://rzte-online.vercel.app/arzt/luedenscheid/herr-dr-med-dietrich-kmpfe-ldenscheid,dietrich kmpfe luedenscheid,luedenscheid,arzt,,,,,,UNMATCHED
/augenarzt/balve/dr-med-theodor-vorhoff-balve,https://rzte-online.vercel.app/augenarzt/balve/dr-med-theodor-vorhoff-balve,theodor vorhoff balve,balve,augenarzt,,,,,,UNMATCHED
/hausarzt/itzehoe/hausarztpraxis-aust-itzehoe,https://rzte-online.vercel.app/hausarzt/itzehoe/hausarztpraxis-aust-itzehoe,aust itzehoe,itzehoe,hausarzt,,,,,,UNMATCHED
/hausarzt/hennef/drmed-manfred-maylahn-praktischer-arzt-hennef,https://rzte-online.vercel.app/hausarzt/hennef/drmed-manfred-maylahn-praktischer-arzt-hennef,manfred maylahn arzt hennef,hennef,hausarzt,,,,,,UNMATCHED
/hausarzt/gera/drmed-susanna-remmler-gera,https://rzte-online.vercel.app/hausarzt/gera/drmed-susanna-remmler-gera,susanna remmler gera,gera,hausarzt,Dr.med. Susanna Remmler,"Johannes-R.-Becher-Straße 1/1. Etage, 07546 Gera-Bieblach",https://navoria.de/praxis/gera/drmed-susanna-remmler-L-GLcI,0.872,0.778,SAFE
/hausarzt/goerlitz/frau-dr-med-elisabeth-domsgen-grlitz,https://rzte-online.vercel.app/hausarzt/goerlitz/frau-dr-med-elisabeth-domsgen-grlitz,elisabeth domsgen goerlitz,goerlitz,hausarzt,,,,,,UNMATCHED
/hausarzt/fuerstenwaldespree/frau-dr-med-brnig-frstenwaldespree,https://rzte-online.vercel.app/hausarzt/fuerstenwaldespree/frau-dr-med-brnig-frstenwaldespree,brnig fuerstenwalde spree,fuerstenwalde-spree,hausarzt,,,,,,UNMATCHED
/hausarzt/soest/dr-med-barbara-knollmann-soest,https://rzte-online.vercel.app/hausarzt/soest/dr-med-barbara-knollmann-soest,barbara knollmann soest,soest,hausarzt,Dermazentrum Soest,"Marktstraße 12, 59494 Soest",https://navoria.de/praxis/soest/dermazentrum-soest-Od3xwQ,0.541,0.520,REVIEW
/hausarzt/wismar/dr-romy-kujat-wismar,https://rzte-online.vercel.app/hausarzt/wismar/dr-romy-kujat-wismar,romy kujat wismar,wismar,hausarzt,,,,,,UNMATCHED
/hausarzt/ebersbach/frau-dr-med-danijela-arizanovic-ebersbach,https://rzte-online.vercel.app/hausarzt/ebersbach/frau-dr-med-danijela-arizanovic-ebersbach,danijela arizanovic ebersbach,ebersbach,hausarzt,,,,,,UNMATCHED
/hausarzt/bad-waldsee/herr-dr-hc-ulf-michael-deckers,https://rzte-online.vercel.app/hausarzt/bad-waldsee/herr-dr-hc-ulf-michael-deckers,ulf michael deckers,bad-waldsee,hausarzt,,,,,,UNMATCHED
/hausarzt/loeningen/medizinisches-versorgungszhasetal-lningen-lningen,https://rzte-online.vercel.app/hausarzt/loeningen/medizinisches-versorgungszhasetal-lningen-lningen,versorgungszhasetal loeningen loeningen,loeningen,hausarzt,,,,,,UNMATCHED
/arzt/erndtebrueck/praxis-said-moshref-erndtebrck,https://rzte-online.vercel.app/arzt/erndtebrueck/praxis-said-moshref-erndtebrck,said moshref erndtebrueck,erndtebrueck,arzt,,,,,,UNMATCHED
/hausarzt/frankfurt/dr-med-cpanijel-rath-fachrztin-f-allgemeinmedizin-frankfurt,https://rzte-online.vercel.app/hausarzt/frankfurt/dr-med-cpanijel-rath-fachrztin-f-allgemeinmedizin-frankfurt,cpanijel rath frankfurt,frankfurt,hausarzt,Orthopädie Frankfurt,"Ziegelhüttenweg 1-3, 60598 Frankfurt am Main",https://navoria.de/praxis/frankfurt-am-main/orthopaedie-frankfurt-HW0A7g,0.778,0.649,REVIEW
/hausarzt/freital/dipl-med-kerstin-steinbach-freital,https://rzte-online.vercel.app/hausarzt/freital/dipl-med-kerstin-steinbach-freital,kerstin steinbach freital,freital,hausarzt,Dipl.Med. Karsten Freund,"Dresdner Str. 111, 01705 Freital",https://navoria.de/praxis/freital/diplmed-karsten-freund-8WFlNg,0.526,0.496,REVIEW
/hausarzt/gruenstadt/dr-med-carsten-blume-grnstadt,https://rzte-online.vercel.app/hausarzt/gruenstadt/dr-med-carsten-blume-grnstadt,carsten blume gruenstadt,gruenstadt,hausarzt,,,,,,UNMATCHED
/kinderarzt/isny/dr-med-alexander-moch-isny,https://rzte-online.vercel.app/kinderarzt/isny/dr-med-alexander-moch-isny,alexander moch isny,isny,kinderarzt,,,,,,UNMATCHED
/hausarzt/clausthal-zellerfeld/frau-dr-med-friederike-bahr-clausthal-zellerfeld,https://rzte-online.vercel.app/hausarzt/clausthal-zellerfeld/frau-dr-med-friederike-bahr-clausthal-zellerfeld,friederike bahr clausthal zellerfeld,clausthal-zellerfeld,hausarzt,,,,,,UNMATCHED
/hausarzt/goslar/herr-dr-med-andreas-eisenhardt-goslar,https://rzte-online.vercel.app/hausarzt/goslar/herr-dr-med-andreas-eisenhardt-goslar,andreas eisenhardt goslar,goslar,hausarzt,,,,,,UNMATCHED
/hausarzt/bueren/dr-pikrun-bren,https://rzte-online.vercel.app/hausarzt/bueren/dr-pikrun-bren,pikrun bueren,bueren,hausarzt,,,,,,UNMATCHED
/arzt/loebau/dipl-med-anke-siegert-lbau,https://rzte-online.vercel.app/arzt/loebau/dipl-med-anke-siegert-lbau,anke siegert loebau,loebau,arzt,,,,,,UNMATCHED
/hausarzt/neuberg/drmed-peter-rdiger-tippe-facharzt-fr-allgemeinmedizin-neuberg,https://rzte-online.vercel.app/hausarzt/neuberg/drmed-peter-rdiger-tippe-facharzt-fr-allgemeinmedizin-neuberg,peter rdiger tippe neuberg,neuberg,hausarzt,,,,,,UNMATCHED
/hausarzt/wiesbaden/herr-olav-heringer-wiesbaden,https://rzte-online.vercel.app/hausarzt/wiesbaden/herr-olav-heringer-wiesbaden,olav heringer wiesbaden,wiesbaden,hausarzt,Frau Dr. med. Heike Sturm - Wiesbaden,"Heinrich-Zille-Straße 29, 65201 Wiesbaden-Schierstein",https://navoria.de/praxis/wiesbaden/frau-dr-med-heike-sturm-wiesbaden-5H4rjM,0.614,0.610,REVIEW
/hausarzt/felsberg/frau-dr-med-karin-schte-felsberg,https://rzte-online.vercel.app/hausarzt/felsberg/frau-dr-med-karin-schte-felsberg,karin schte felsberg,felsberg,hausarzt,,,,,,UNMATCHED
/hausarzt/gummersbach/hausarztpraxis-dr-medicina-d-toma-gummersbach,https://rzte-online.vercel.app/hausarzt/gummersbach/hausarztpraxis-dr-medicina-d-toma-gummersbach,toma gummersbach,gummersbach,hausarzt,,,,,,UNMATCHED
/hausarzt/versmold/herr-alexander-sinica-versmold,https://rzte-online.vercel.app/hausarzt/versmold/herr-alexander-sinica-versmold,alexander sinica versmold,versmold,hausarzt,,,,,,UNMATCHED
/hausarzt/mannheim/prof-dr-med-manfred-hensel-mannheim,https://rzte-online.vercel.app/hausarzt/mannheim/prof-dr-med-manfred-hensel-mannheim,manfred hensel mannheim,mannheim,hausarzt,Z R D Mannheim,"Collinistraße 11, 68161 Mannheim-Oststadt",https://navoria.de/praxis/mannheim/z-r-d-mannheim-IThvGw,0.778,0.638,REVIEW
/arzt/munster/dr-susanne-hrter-munster,https://rzte-online.vercel.app/arzt/munster/dr-susanne-hrter-munster,susanne hrter munster,munster,arzt,,,,,,UNMATCHED
/hausarzt/beckum/dr-med-hans-thomas-thompson,https://rzte-online.vercel.app/hausarzt/beckum/dr-med-hans-thomas-thompson,hans thomas thompson,beckum,hausarzt,,,,,,UNMATCHED
/hausarzt/loebau/praxis-gries-mudr-ohera-lbau,https://rzte-online.vercel.app/hausarzt/loebau/praxis-gries-mudr-ohera-lbau,gries ohera loebau,loebau,hausarzt,,,,,,UNMATCHED
/hausarzt/rostock/frau-dipl-med-susanne-decker-rostock,https://rzte-online.vercel.app/hausarzt/rostock/frau-dipl-med-susanne-decker-rostock,susanne decker rostock,rostock,hausarzt,Frau Dipl.-Med. Susanne Decker,"Wismarsche Str. 32, 18057 Rostock",https://navoria.de/praxis/rostock/frau-dipl-med-susanne-decker-Y_LIIM,0.872,0.611,SAFE
/hausarzt/jessen/dr-med-stefan-kluge-dr-med-dirk-stanitz-jessen,https://rzte-online.vercel.app/hausarzt/jessen/dr-med-stefan-kluge-dr-med-dirk-stanitz-jessen,stefan kluge dirk stanitz jessen,jessen,hausarzt,,,,,,UNMATCHED
/hausarzt/emmerich/herr-dariusz-markowski-emmerich,https://rzte-online.vercel.app/hausarzt/emmerich/herr-dariusz-markowski-emmerich,dariusz markowski emmerich,emmerich,hausarzt,,,,,,UNMATCHED
/hausarzt/celle/frau-dr-med-gisela-winterhoff-celle,https://rzte-online.vercel.app/hausarzt/celle/frau-dr-med-gisela-winterhoff-celle,gisela winterhoff celle,celle,hausarzt,,,,,,UNMATCHED
/hausarzt/bad-wurzach/dr-bernd-lindenmaier-bad,https://rzte-online.vercel.app/hausarzt/bad-wurzach/dr-bernd-lindenmaier-bad,bernd lindenmaier bad,bad-wurzach,hausarzt,,,,,,UNMATCHED
/augenarzt/schneeberg/herr-dr-med-thomas-windisch-schneeberg,https://rzte-online.vercel.app/augenarzt/schneeberg/herr-dr-med-thomas-windisch-schneeberg,thomas windisch schneeberg,schneeberg,augenarzt,,,,,,UNMATCHED
/hausarzt/borken-hessen/dr-med-sabine-hess-fachaerztin-f-allgemeinmedizin-2076,https://rzte-online.vercel.app/hausarzt/borken-hessen/dr-med-sabine-hess-fachaerztin-f-allgemeinmedizin-2076,sabine hess,borken-hessen,hausarzt,,,,,,UNMATCHED
/hausarzt/cloppenburg/arztpraxis-tatjana-tissen-und-katharina-inomjonov-cloppenburg,https://rzte-online.vercel.app/hausarzt/cloppenburg/arztpraxis-tatjana-tissen-und-katharina-inomjonov-cloppenburg,tatjana tissen katharina inomjonov cloppenburg,cloppenburg,hausarzt,,,,,,UNMATCHED
/hausarzt/cottbus/herr-dr-med-andreas-pietzko-cottbus,https://rzte-online.vercel.app/hausarzt/cottbus/herr-dr-med-andreas-pietzko-cottbus,andreas pietzko cottbus,cottbus,hausarzt,Herr Dr. med. Andreas Pietzko,"Süd 10, Gerhart-Hauptmann-Straße 15, 03044 Cottbus-Ärztehaus Nord",https://navoria.de/praxis/cottbus/herr-dr-med-andreas-pietzko-jSzg7c,0.872,0.653,SAFE
/hausarzt/betzdorf/drmed-rainer-banzhaf-facharzt-fr-allgemeinmedizin-betzdorf,https://rzte-online.vercel.app/hausarzt/betzdorf/drmed-rainer-banzhaf-facharzt-fr-allgemeinmedizin-betzdorf,rainer banzhaf betzdorf,betzdorf,hausarzt,Marien Ambulant - Kardiologische Praxis Betzdorf (Fabian Quirmbach und Denny Kristianto),"Gontermannstraße 20, 57518 Betzdorf",https://navoria.de/praxis/betzdorf/marien-ambulant-kardiologische-praxis-betzdorf-fabian-quirmbach-und-denny-kristi-qmqJ_o,0.504,,REVIEW
/hausarzt/frankenberg-eder/dr-ulrike-ursula-eckel,https://rzte-online.vercel.app/hausarzt/frankenberg-eder/dr-ulrike-ursula-eckel,ulrike ursula eckel,frankenberg-eder,hausarzt,,,,,,UNMATCHED
/arzt/esslingen-am-neckar/herr-dr-med-georg-mayer,https://rzte-online.vercel.app/arzt/esslingen-am-neckar/herr-dr-med-georg-mayer,georg mayer,esslingen-am-neckar,arzt,Herr Dr. med. Georg Mayer,"Ottilienpl. 15, 73728 Esslingen am Neckar",https://navoria.de/praxis/esslingen-am-neckar/herr-dr-med-georg-mayer-AbyyC0,0.965,0.596,SAFE
/hausarzt/grevenbroich/frau-monika-plug-gnther-grevenbroich,https://rzte-online.vercel.app/hausarzt/grevenbroich/frau-monika-plug-gnther-grevenbroich,monika plug gnther grevenbroich,grevenbroich,hausarzt,meine Praxis-Neuss Grevenbroich-Neukirchen,"Roseller Str. 31, 41516 Grevenbroich-Neukirchen",https://navoria.de/praxis/grevenbroich/meine-praxis-neuss-grevenbroich-neukirchen-s7FPHM,0.539,0.513,REVIEW
/hausarzt/bautzen/dr-med-ekkehard-seeliger-facharzt-fuer-allgemeinmedizin,https://rzte-online.vercel.app/hausarzt/bautzen/dr-med-ekkehard-seeliger-facharzt-fuer-allgemeinmedizin,ekkehard seeliger,bautzen,hausarzt,,,,,,UNMATCHED
/hausarzt/giengen/praxis-dr-softic-giengen,https://rzte-online.vercel.app/hausarzt/giengen/praxis-dr-softic-giengen,softic giengen,giengen,hausarzt,,,,,,UNMATCHED
/hausarzt/bergisch-gladbach/dr-annette-knoll-9721,https://rzte-online.vercel.app/hausarzt/bergisch-gladbach/dr-annette-knoll-9721,annette knoll,bergisch-gladbach,hausarzt,Dr. Annette Knoll,"Hauptstraße 218-220, 51465 Bergisch Gladbach",https://navoria.de/praxis/bergisch-gladbach/dr-annette-knoll-ryMrJ4,1.000,0.631,SAFE
/hausarzt/sendenhorst/dr-udo-hecke-sendenhorst,https://rzte-online.vercel.app/hausarzt/sendenhorst/dr-udo-hecke-sendenhorst,udo hecke sendenhorst,sendenhorst,hausarzt,St. Josef-Stift Sendenhorst,"Westtor 7, 48324 Sendenhorst",https://navoria.de/praxis/sendenhorst/st-josef-stift-sendenhorst-6yZDJQ,0.584,,REVIEW
/hausarzt/gruenberg/herr-dr-med-christian-becker-grnberg,https://rzte-online.vercel.app/hausarzt/gruenberg/herr-dr-med-christian-becker-grnberg,christian becker gruenberg,gruenberg,hausarzt,,,,,,UNMATCHED
/augenarzt/versmold/dr-nicola-buch-pleitner-versmold,https://rzte-online.vercel.app/augenarzt/versmold/dr-nicola-buch-pleitner-versmold,nicola buch pleitner versmold,versmold,augenarzt,,,,,,UNMATCHED
/hausarzt/melsungen/drmed-ulrike-jehle-sinning-melsungen,https://rzte-online.vercel.app/hausarzt/melsungen/drmed-ulrike-jehle-sinning-melsungen,ulrike jehle sinning melsungen,melsungen,hausarzt,,,,,,UNMATCHED
/arzt/tharandt/myriam-mller-tharandt,https://rzte-online.vercel.app/arzt/tharandt/myriam-mller-tharandt,myriam mller tharandt,tharandt,arzt,Myriam Müller,"Roßmäßlerstraße 7, 01737 Tharandt",https://navoria.de/praxis/tharandt/myriam-mueller-pT_7_g,0.652,,REVIEW
/hausarzt/ludwigsburg/frau-dr-med-ute-jesse-ludwigsburg,https://rzte-online.vercel.app/hausarzt/ludwigsburg/frau-dr-med-ute-jesse-ludwigsburg,ute jesse ludwigsburg,ludwigsburg,hausarzt,Frau Dr. med. Ute Jesse,"Martin-Luther-Straße 79/2, 71636 Ludwigsburg",https://navoria.de/praxis/ludwigsburg/frau-dr-med-ute-jesse-kd3wKI,0.872,0.778,SAFE
/hausarzt/bad-muenstereifel/dr-thomas-kleinfeld-7663,https://rzte-online.vercel.app/hausarzt/bad-muenstereifel/dr-thomas-kleinfeld-7663,thomas kleinfeld,bad-muenstereifel,hausarzt,,,,,,UNMATCHED
/hausarzt/rheda-wiedenbrueck/praxis-m-abou-zeidan-rheda-wiedenbrck,https://rzte-online.vercel.app/hausarzt/rheda-wiedenbrueck/praxis-m-abou-zeidan-rheda-wiedenbrck,abou zeidan rheda wiedenbrck,rheda-wiedenbrueck,hausarzt,OSG Augenpraxis Rheda-Wiedenbrück,"Hauptstraße 21, 33378 Rheda-Wiedenbrück",https://navoria.de/praxis/rheda-wiedenbrueck/osg-augenpraxis-rheda-wiedenbrueck-t8u1pc,0.566,0.470,REVIEW
/hausarzt/zossen/herr-andreas-leese-zossen,https://rzte-online.vercel.app/hausarzt/zossen/herr-andreas-leese-zossen,andreas leese zossen,zossen,hausarzt,,,,,,UNMATCHED
/arzt/erkrath/frau-dr-med-maria-rita-langhorst-erkrath,https://rzte-online.vercel.app/arzt/erkrath/frau-dr-med-maria-rita-langhorst-erkrath,maria rita langhorst erkrath,erkrath,arzt,Urologie Neandertal - Praxis Erkrath,"Bergstraße 9, 40699 Erkrath-Hochdahl",https://navoria.de/praxis/erkrath/urologie-neandertal-praxis-erkrath-3Zf2o0,0.515,0.468,REVIEW
/arzt/apolda/dr-med-stefan-teweleit-fa-innere-medizin-apolda,https://rzte-online.vercel.app/arzt/apolda/dr-med-stefan-teweleit-fa-innere-medizin-apolda,stefan teweleit fa medizin apolda,apolda,arzt,Herr Dipl.-Med. Stefan Kowalik,"Goerdelerstraße 2, 99510 Apolda",https://navoria.de/praxis/apolda/herr-dipl-med-stefan-kowalik-MousqQ,0.557,0.474,REVIEW
/hausarzt/bad/herr-dr-med-rainer-eisele-bad,https://rzte-online.vercel.app/hausarzt/bad/herr-dr-med-rainer-eisele-bad,rainer eisele bad,bad,hausarzt,Dr.med. Rainer Leipert,"Hauptstraße 57-59, 74206 Bad Wimpfen",https://navoria.de/praxis/bad-wimpfen/drmed-rainer-leipert-xxZXY4,0.605,0.575,REVIEW
/hausarzt/ehingen-donau/goetz-kitzig-2066,https://rzte-online.vercel.app/hausarzt/ehingen-donau/goetz-kitzig-2066,goetz kitzig,ehingen-donau,hausarzt,,,,,,UNMATCHED
/hausarzt/gardelegen/diplmed-andreas-brendtner-gardelegen,https://rzte-online.vercel.app/hausarzt/gardelegen/diplmed-andreas-brendtner-gardelegen,andreas buerendtner gardelegen,gardelegen,hausarzt,,,,,,UNMATCHED
/hausarzt/geisenheim/dr-karin-pogorzalek-schibalski-geisenheim,https://rzte-online.vercel.app/hausarzt/geisenheim/dr-karin-pogorzalek-schibalski-geisenheim,karin pogorzalek schibalski geisenheim,geisenheim,hausarzt,,,,,,UNMATCHED
/hausarzt/muensingen/drmed-martin-brndle-mnsingen,https://rzte-online.vercel.app/hausarzt/muensingen/drmed-martin-brndle-mnsingen,martin brndle muensingen,muensingen,hausarzt,,,,,,UNMATCHED
/hausarzt/paderborn/frau-dr-med-carla-gottschalg-paderborn,https://rzte-online.vercel.app/hausarzt/paderborn/frau-dr-med-carla-gottschalg-paderborn,carla gottschalg paderborn,paderborn,hausarzt,Frau Dr. med. Carla Gottschalg,"Kaukenberg 25, 33100 Paderborn",https://navoria.de/praxis/paderborn/frau-dr-med-carla-gottschalg-cnimxs,0.872,0.778,SAFE
/arzt/eberbach/dr-dietger-schwittayy-eberbach,https://rzte-online.vercel.app/arzt/eberbach/dr-dietger-schwittayy-eberbach,dietger schwittayy eberbach,eberbach,arzt,,,,,,UNMATCHED
/hausarzt/landsberg/frau-dr-med-doreen-langer-landsberg,https://rzte-online.vercel.app/hausarzt/landsberg/frau-dr-med-doreen-langer-landsberg,doreen langer landsberg,landsberg,hausarzt,MVZ Landsberg GmbH,"Leipziger Str. 4, 06188 Landsberg",https://navoria.de/praxis/landsberg/mvz-landsberg-gmbh-Xxpx74,0.568,0.393,REVIEW
/hausarzt/wanzleben-boerde/herr-dr-med-ernst-schoof-wanzleben-brde,https://rzte-online.vercel.app/hausarzt/wanzleben-boerde/herr-dr-med-ernst-schoof-wanzleben-brde,ernst schoof wanzleben boerde,wanzleben-boerde,hausarzt,,,,,,UNMATCHED
/hautarzt/baunatal/frau-dr-med-regina-hahn-baunatal,https://rzte-online.vercel.app/hautarzt/baunatal/frau-dr-med-regina-hahn-baunatal,regina hahn baunatal,baunatal,hautarzt,Einhorn Apotheke Baunatal,"Marktpl. 16, 34225 Baunatal",https://navoria.de/praxis/baunatal/einhorn-apotheke-baunatal-0tLK0g,0.560,0.545,REVIEW
/hausarzt/bad-rappenau/anna-friederike-hund,https://rzte-online.vercel.app/hausarzt/bad-rappenau/anna-friederike-hund,anna friederike hund,bad-rappenau,hausarzt,,,,,,UNMATCHED
/hausarzt/eisleben/luminita-gutu-fachrztin-fr-inner-medizin-hausrztin-eisleben,https://rzte-online.vercel.app/hausarzt/eisleben/luminita-gutu-fachrztin-fr-inner-medizin-hausrztin-eisleben,luminita gutu medizin eisleben,eisleben,hausarzt,,,,,,UNMATCHED
/hausarzt/erfurt/dipl-med-heike-hanke-fachaerztin-f-allgemeinmedizin-3347,https://rzte-online.vercel.app/hausarzt/erfurt/dipl-med-heike-hanke-fachaerztin-f-allgemeinmedizin-3347,heike hanke,erfurt,hausarzt,Dipl.-Med. Heike Hanke Fachärztin f. Allgemeinmedizin,"Friedrich-Ebert-Straße 60, 99096 Erfurt-Löbervorstadt",https://navoria.de/praxis/erfurt/dipl-med-heike-hanke-fachaerztin-f-allgemeinmedizin-5H8hSg,1.000,0.650,SAFE
/hausarzt/flensburg/frau-dr-med-ingrid-muhs-flensburg,https://rzte-online.vercel.app/hausarzt/flensburg/frau-dr-med-ingrid-muhs-flensburg,ingrid muhs flensburg,flensburg,hausarzt,Frau Dr. med. Ingrid Muhs,"Südermarkt 1, 24937 Flensburg-Altstadt",https://navoria.de/praxis/flensburg/frau-dr-med-ingrid-muhs-Y-Izgk,0.872,0.778,SAFE
/arzt/bernau-bei-berlin/frau-dipl-med-carola-becher,https://rzte-online.vercel.app/arzt/bernau-bei-berlin/frau-dipl-med-carola-becher,carola becher,bernau-bei-berlin,arzt,,,,,,UNMATCHED
/hausarzt/bramsche/herr-dr-medic-imf-klausenburg-gavrila-urlea-albert-bramsche,https://rzte-online.vercel.app/hausarzt/bramsche/herr-dr-medic-imf-klausenburg-gavrila-urlea-albert-bramsche,klausenburg gavrila urlea albert bramsche,bramsche,hausarzt,,,,,,UNMATCHED
/hausarzt/frankfurt/frau-dr-med-gabriele-federlein-frankfurt,https://rzte-online.vercel.app/hausarzt/frankfurt/frau-dr-med-gabriele-federlein-frankfurt,gabriele federlein frankfurt,frankfurt,hausarzt,Orthopädie Frankfurt,"Ziegelhüttenweg 1-3, 60598 Frankfurt am Main",https://navoria.de/praxis/frankfurt-am-main/orthopaedie-frankfurt-HW0A7g,0.778,0.673,REVIEW
/hausarzt/bruehl/frau-eugenie-peters-brhl,https://rzte-online.vercel.app/hausarzt/bruehl/frau-eugenie-peters-brhl,eugenie peters bruehl,bruehl,hausarzt,,,,,,UNMATCHED
/hausarzt/coswig/dipl-med-maren-schumann-coswig,https://rzte-online.vercel.app/hausarzt/coswig/dipl-med-maren-schumann-coswig,maren schumann coswig,coswig,hausarzt,,,,,,UNMATCHED
/hausarzt/quakenbrueck/frau-dorothee-otte-bick-quakenbrck,https://rzte-online.vercel.app/hausarzt/quakenbrueck/frau-dorothee-otte-bick-quakenbrck,dorothee otte bick quakenbrueck,quakenbrueck,hausarzt,,,,,,UNMATCHED
/zahnarzt/asslar/herr-dr-ulrich-muskat-alar,https://rzte-online.vercel.app/zahnarzt/asslar/herr-dr-ulrich-muskat-alar,ulrich muskat alar,asslar,zahnarzt,,,,,,UNMATCHED
/zahnarzt/langelsheim/frau-dr-iris-westermann-langelsheim,https://rzte-online.vercel.app/zahnarzt/langelsheim/frau-dr-iris-westermann-langelsheim,iris westermann langelsheim,langelsheim,zahnarzt,,,,,,UNMATCHED
/hausarzt/blankenburg-harz/dipl-med-rene-giesel-5452,https://rzte-online.vercel.app/hausarzt/blankenburg-harz/dipl-med-rene-giesel-5452,rene giesel,blankenburg-harz,hausarzt,,,,,,UNMATCHED
/hausarzt/hilchenbach/frau-angela-hartnack-hilchenbach,https://rzte-online.vercel.app/hausarzt/hilchenbach/frau-angela-hartnack-hilchenbach,angela hartnack hilchenbach,hilchenbach,hausarzt,,,,,,UNMATCHED
/arzt/landau/dr-med-bettina-eckhardt-landau,https://rzte-online.vercel.app/arzt/landau/dr-med-bettina-eckhardt-landau,bettina eckhardt landau,landau,arzt,,,,,,UNMATCHED
/hausarzt/borken/drmed-pler-bernhard-borken,https://rzte-online.vercel.app/hausarzt/borken/drmed-pler-bernhard-borken,pler bernhard borken,borken,hausarzt,,,,,,UNMATCHED
/hausarzt/braunschweig/dr-med-saman-c-atugoda-braunschweig,https://rzte-online.vercel.app/hausarzt/braunschweig/dr-med-saman-c-atugoda-braunschweig,saman atugoda braunschweig,braunschweig,hausarzt,Dr. med. Saman C. Atugoda,"Dessaustraße 7, 38124 Braunschweig",https://navoria.de/praxis/braunschweig/dr-med-saman-c-atugoda-9cVp0Q,0.872,0.778,SAFE
/hausarzt/altdorf/internistische-praxis-dr-brix-fischer-und-langer-altdorf,https://rzte-online.vercel.app/hausarzt/altdorf/internistische-praxis-dr-brix-fischer-und-langer-altdorf,brix fischer langer altdorf,altdorf,hausarzt,,,,,,UNMATCHED
/zahnarzt/ansbach/dr-med-dent-hubert-gradl-ansbach,https://rzte-online.vercel.app/zahnarzt/ansbach/dr-med-dent-hubert-gradl-ansbach,hubert gradl ansbach,ansbach,zahnarzt,,,,,,UNMATCHED
/hausarzt/oehringen/dr-maria-arabela-lupu,https://rzte-online.vercel.app/hausarzt/oehringen/dr-maria-arabela-lupu,maria arabela lupu,oeoehringen,hausarzt,,,,,,UNMATCHED
/hausarzt/angermuende/frau-dr-med-ursel-jarchow-angermnde,https://rzte-online.vercel.app/hausarzt/angermuende/frau-dr-med-ursel-jarchow-angermnde,ursel jarchow angermuende,angermuende,hausarzt,,,,,,UNMATCHED
/hausarzt/herzogenrath/dr-med-gabriele-schmeitz-herzogenrath,https://rzte-online.vercel.app/hausarzt/herzogenrath/dr-med-gabriele-schmeitz-herzogenrath,gabriele schmeitz herzogenrath,herzogenrath,hausarzt,,,,,,UNMATCHED
/hausarzt/bobingen/hausarzt-praxis-herr-alexander-eisinger-9087,https://rzte-online.vercel.app/hausarzt/bobingen/hausarzt-praxis-herr-alexander-eisinger-9087,hausarzt alexander eisinger,bobingen,hausarzt,,,,,,UNMATCHED
/hausarzt/frankenbergsachsen/herr-dr-med-bernd-hckel-frankenbergsachsen,https://rzte-online.vercel.app/hausarzt/frankenbergsachsen/herr-dr-med-bernd-hckel-frankenbergsachsen,bernd hckel frankenbergsachsen,frankenbergsachsen,hausarzt,,,,,,UNMATCHED
/hausarzt/froendenbergruhr/herr-herbert-constapel-frndenbergruhr,https://rzte-online.vercel.app/hausarzt/froendenbergruhr/herr-herbert-constapel-frndenbergruhr,herbert constapel froendenbergruhr,froendenbergruhr,hausarzt,,,,,,UNMATCHED
/hausarzt/bad-wildungen/dr-med-anneli-freitag-schickram,https://rzte-online.vercel.app/hausarzt/bad-wildungen/dr-med-anneli-freitag-schickram,anneli freitag schickram,bad-wildungen,hausarzt,,,,,,UNMATCHED
/hausarzt/herne/kerstin-fritz-herne,https://rzte-online.vercel.app/hausarzt/herne/kerstin-fritz-herne,kerstin fritz herne,herne,hausarzt,Kerstin Fritz,"Gerichtsstraße 8, 44649 Herne-Wanne-Eickel",https://navoria.de/praxis/herne/kerstin-fritz-pmtR3g,0.872,0.621,SAFE
/arzt/finsterwalde/dr-med-astrid-knfel-finsterwalde,https://rzte-online.vercel.app/arzt/finsterwalde/dr-med-astrid-knfel-finsterwalde,astrid knfel finsterwalde,finsterwalde,arzt,,,,,,UNMATCHED
/hausarzt/boeblingen/dr-iavorschi-bblingen,https://rzte-online.vercel.app/hausarzt/boeblingen/dr-iavorschi-bblingen,iavorschi boeblingen,boeblingen,hausarzt,Urologie Böblingen,"Poststraße 41, 71032 Böblingen",https://navoria.de/praxis/boeblingen/urologie-boeblingen-JLepns,0.657,0.615,REVIEW
/hausarzt/loerrach/allgemeinpraxis-clas-lrrach,https://rzte-online.vercel.app/hausarzt/loerrach/allgemeinpraxis-clas-lrrach,clas loerrach,loerrach,hausarzt,,,,,,UNMATCHED
/arzt/esslingen-am-neckar/herr-dr-med-stefan-waldenmaier,https://rzte-online.vercel.app/arzt/esslingen-am-neckar/herr-dr-med-stefan-waldenmaier,stefan waldenmaier,esslingen-am-neckar,arzt,Herr Dr. med. Stefan Waldenmaier,"Katharinenstraße 44, 73728 Esslingen am Neckar",https://navoria.de/praxis/esslingen-am-neckar/herr-dr-med-stefan-waldenmaier-Uv3Zls,0.965,0.634,SAFE
/hausarzt/cloppenburg/drmed-holger-laing-cloppenburg,https://rzte-online.vercel.app/hausarzt/cloppenburg/drmed-holger-laing-cloppenburg,holger laing cloppenburg,cloppenburg,hausarzt,,,,,,UNMATCHED
/hausarzt/biedenkopf/olessja-mrz-praxis-fr-allgemeinmedizin-biedenkopf,https://rzte-online.vercel.app/hausarzt/biedenkopf/olessja-mrz-praxis-fr-allgemeinmedizin-biedenkopf,olessja mrz biedenkopf,biedenkopf,hausarzt,,,,,,UNMATCHED
/hausarzt/geilenkirchen/herr-dr-med-mathias-jansen-geilenkirchen,https://rzte-online.vercel.app/hausarzt/geilenkirchen/herr-dr-med-mathias-jansen-geilenkirchen,mathias jansen geilenkirchen,geilenkirchen,hausarzt,,,,,,UNMATCHED
/zahnarzt/bad/herr-dr-ernst-georg-schwerdtfeger-bad,https://rzte-online.vercel.app/zahnarzt/bad/herr-dr-ernst-georg-schwerdtfeger-bad,ernst georg schwerdtfeger bad,bad,zahnarzt,RNS Gemeinschaftspraxis GbR - Bad Soden,"Prof.-Much-Straße 2, 65812 Bad Soden am Taunus",https://navoria.de/praxis/bad-soden-am-taunus/rns-gemeinschaftspraxis-gbr-bad-soden-7JpSps,0.535,0.510,REVIEW
/zahnarzt/frankenbergsachsen/dr-med-dent-sybille-wetzig-frankenbergsachsen,https://rzte-online.vercel.app/zahnarzt/frankenbergsachsen/dr-med-dent-sybille-wetzig-frankenbergsachsen,sybille wetzig frankenbergsachsen,frankenbergsachsen,zahnarzt,,,,,,UNMATCHED
/hausarzt/plochingen/dr-kathrin-herre-plochingen,https://rzte-online.vercel.app/hausarzt/plochingen/dr-kathrin-herre-plochingen,kathrin herre plochingen,plochingen,hausarzt,GYN Plochingen Dr. Hauser Dr. Landauer,"Am Fischbrunnen 2, 73207 Plochingen",https://navoria.de/praxis/plochingen/gyn-plochingen-dr-hauser-dr-landauer-yuplV0,0.662,0.556,REVIEW
/arzt/gaggenau/herr-dr-med-till-grtschla-gaggenau,https://rzte-online.vercel.app/arzt/gaggenau/herr-dr-med-till-grtschla-gaggenau,till grtschla gaggenau,gaggenau,arzt,,,,,,UNMATCHED
/augenarzt/weisswasseroberlausitz/dr-med-birgit-mder-weiwasseroberlausitz,https://rzte-online.vercel.app/augenarzt/weisswasseroberlausitz/dr-med-birgit-mder-weiwasseroberlausitz,birgit mder weisswasseroberlausitz,weisswasseroberlausitz,augenarzt,,,,,,UNMATCHED
/hausarzt/jueterbog/dr-kerstin-hckert-jterbog,https://rzte-online.vercel.app/hausarzt/jueterbog/dr-kerstin-hckert-jterbog,kerstin hckert jueterbog,jueterbog,hausarzt,,,,,,UNMATCHED
/arzt/katzhuette/drmed-gudrun-kolitsch-fachrztin-fr-innere-medizin-und-rheumatologie-katzhtte,https://rzte-online.vercel.app/arzt/katzhuette/drmed-gudrun-kolitsch-fachrztin-fr-innere-medizin-und-rheumatologie-katzhtte,gudrun kolitsch medizin katzhtte,katzhuette,arzt,,,,,,UNMATCHED
/frauenarzt/muenster/drmed-jens-quakernack-facharzt-fr-frauenheilkunde-geburtshilfe-mnster,https://rzte-online.vercel.app/frauenarzt/muenster/drmed-jens-quakernack-facharzt-fr-frauenheilkunde-geburtshilfe-mnster,jens quakernack muenster,muenster,frauenarzt,Dr.med. Jens Quakernack Facharzt für Frauenheilkunde Geburtshilfe,"Hohenzollernring 59, 48145 Münster",https://navoria.de/praxis/muenster/drmed-jens-quakernack-facharzt-fuer-frauenheilkunde-geburtshilfe-y5UVVU,0.907,0.638,SAFE
/hausarzt/esslingen-am-neckar/frau-dr-med-elena-samorej-1107,https://rzte-online.vercel.app/hausarzt/esslingen-am-neckar/frau-dr-med-elena-samorej-1107,elena samorej,esslingen-am-neckar,hausarzt,Frau Dr. med. Elena Samorej,"Schurwaldstraße 19, 73734 Esslingen am Neckar-Berkheim",https://navoria.de/praxis/esslingen-am-neckar/frau-dr-med-elena-samorej-52oldo,1.000,0.440,SAFE
/hausarzt/heinsberg/herr-dr-med-ekkehart-walter-heinsberg,https://rzte-online.vercel.app/hausarzt/heinsberg/herr-dr-med-ekkehart-walter-heinsberg,ekkehart walter heinsberg,heinsberg,hausarzt,,,,,,UNMATCHED
