source_path,candidate_rank,name,city,address,specialty,profile_id,canonical_url,match_score
/hautarzt/berlin/hautarztpraxis-rahaf-ali,1,Prof. Dr. Mazda Adli,Berlin,"Markgrafenstraße 34, 10117 Berlin",Psychiater,aaf5ad93-f35f-4760-8a94-4dcecf9e5533,https://navoria.de/praxis/berlin/prof-dr-mazda-adli-eyq0FA,0.615
/hautarzt/berlin/hautarztpraxis-rahaf-ali,2,Augenarztpraxis Dr. med. Nahla Al-Asbahi,Berlin,"Müllerstraße 139, 13353 Berlin",Augenarzt,c40b3983-25b5-47a9-ae98-f4f12f87e51d,https://navoria.de/praxis/berlin/augenarztpraxis-dr-med-nahla-al-asbahi-45OwlE,0.573
/hautarzt/berlin/hautarztpraxis-rahaf-ali,3,avi Hausarztpraxis Am Friedrichshain,Berlin,"Greifswalder Str. 207, 10405 Berlin",Hausarzt,f3d66424-8358-4746-a8cf-32fb09edbae7,https://navoria.de/praxis/berlin/avi-hausarztpraxis-am-friedrichshain-GIU2MA,0.545
/hautarzt/berlin/hautarztpraxis-rahaf-ali,4,"Zentrum für Chirurgie, D-Arzt Dr. med. Oguzhan Turan, Dr. med Iraj Maleki, Dr. med. Ali Askari",Berlin,"Mariendorfer Damm 73, 12109 Berlin-Bezirk Tempelhof-Schöneberg",Chirurg,d1d48fa5-1450-4453-bd2b-1c5d4d49dc75,https://navoria.de/praxis/berlin/zentrum-fuer-chirurgie-d-arzt-dr-med-oguzhan-turan-dr-med-iraj-maleki-dr-med-ali-Dj_UF8,0.545
/hautarzt/berlin/hautarztpraxis-rahaf-ali,5,Medmotion | Dr. Ali Askari - Privatärztliche Praxis in Berlin-Westend,Berlin,"Platanenallee 39, 14050 Berlin",Chirurg,408cb5a3-c8b6-4a55-b2ad-70137407922c,https://navoria.de/praxis/berlin/medmotion-dr-ali-askari-privataerztliche-praxis-in-berlin-westend-qiTJwE,0.545
/arzt/duesseldorf/dr-med-jrg-wienke-dsseldorf,1,Orthopädie Düsseldorf,Düsseldorf,"Am Hackenbruch 11, 40231 Düsseldorf-Stadtbezirk 8",Orthopäde,d64f4b0e-7e0f-40cf-ba61-5e17a2aae2ad,https://navoria.de/praxis/duesseldorf/orthopaedie-duesseldorf-Sch2Lw,0.778
/arzt/duesseldorf/dr-med-jrg-wienke-dsseldorf,2,MV Zentrum der Frau Düsseldorf,Düsseldorf,"Louise-Dumont-Straße 1, 40211 Düsseldorf",Frauenarzt,989bdd3d-bfd2-4144-b22b-6d031dfb93cd,https://navoria.de/praxis/duesseldorf/mv-zentrum-der-frau-duesseldorf-YQjxiU,0.688
/arzt/duesseldorf/dr-med-jrg-wienke-dsseldorf,3,MV Zentrum der Frau Düsseldorf,Düsseldorf,"Lindemannstraße 3, 40237 Düsseldorf",Frauenarzt,4a0820a9-99fc-40e7-aa11-1ca94bdb9141,https://navoria.de/praxis/duesseldorf/mv-zentrum-der-frau-duesseldorf-UN3vlI,0.688
/arzt/duesseldorf/dr-med-jrg-wienke-dsseldorf,4,"Dr. med. Jürgen Hauck, Augenarzt Düsseldorf",Düsseldorf,"Grünstraße 5, 40212 Düsseldorf",Augenarzt,76aa9b98-b6b7-4c36-86c8-fb72696b4fa9,https://navoria.de/praxis/duesseldorf/dr-med-juergen-hauck-augenarzt-duesseldorf-Kcf00s,0.662
/arzt/duesseldorf/dr-med-jrg-wienke-dsseldorf,5,Gastroenterologie Düsseldorf - Prof. Dr. med. T. Lankisch & Dr. med. C. Lauermann & C. Uhlenbruck & PD Dr. med. P.Manka,Düsseldorf,"Graf-Adolf-Straße 63, 40210 Düsseldorf",Internist,146fd379-4379-46c9-ae49-7557294e9911,https://navoria.de/praxis/duesseldorf/gastroenterologie-duesseldorf-prof-dr-med-t-lankisch-dr-med-c-lauermann-c-uhlenb-Gzfrwk,0.662
/augenarzt/frankfurt/dr-med-c-hofmann-frankfurt,1,Dr. med. C. Hofmann,Frankfurt am Main,"Pfingstweidstraße 5, 60316 Frankfurt am Main-Bornheim/Ostend",Augenarzt,03c275f3-a7c2-4e4e-bdae-190872c15f7e,https://navoria.de/praxis/frankfurt-am-main/dr-med-c-hofmann-sHk8sU,0.860
/augenarzt/frankfurt/dr-med-c-hofmann-frankfurt,2,Orthopädie Frankfurt,Frankfurt am Main,"Ziegelhüttenweg 1-3, 60598 Frankfurt am Main",Orthopäde,d3fb88b5-df1b-47bc-8f09-dbdd193ecd34,https://navoria.de/praxis/frankfurt-am-main/orthopaedie-frankfurt-HW0A7g,0.825
/augenarzt/frankfurt/dr-med-c-hofmann-frankfurt,3,HNO Zentrum Frankfurt am Main,Frankfurt am Main,"Dreieichstraße 59, 60594 Frankfurt am Main-Frankfurt-Süd",HNO-Arzt,b9aaf3f6-4e41-45d9-87fd-fbdb2092dd53,https://navoria.de/praxis/frankfurt-am-main/hno-zentrum-frankfurt-am-main-AoW4kY,0.755
/augenarzt/frankfurt/dr-med-c-hofmann-frankfurt,4,HNO Frankfurt,Frankfurt am Main,"Goethestraße 10, 60313 Frankfurt am Main-Innenstadt I",HNO-Arzt,b4ad888a-5e36-4255-8e99-a3b1cdb7ca8d,https://navoria.de/praxis/frankfurt-am-main/hno-frankfurt-o54BvU,0.701
/augenarzt/frankfurt/dr-med-c-hofmann-frankfurt,5,ARTEMIS Augenarztpraxis Frankfurt,Frankfurt am Main,"Eschersheimer Landstraße 9, 60322 Frankfurt am Main",Augenarzt,370b86e8-5a8a-4bda-9a03-dd14a0ce51c6,https://navoria.de/praxis/frankfurt-am-main/artemis-augenarztpraxis-frankfurt-3y0Cv0,0.687
/hausarzt/muenster/prof-dr-med-dr-hc-michael-zitzmann-mnster,1,Herr Dr. med. Michael Szukaj - Münster,Münster,"Am Rohrbusch 56, 48161 Münster",Urologe,75d15a93-e752-4cfe-86c2-34f8d17e5a2d,https://navoria.de/praxis/muenster/herr-dr-med-michael-szukaj-muenster-Xot4jQ,0.754
/hausarzt/muenster/prof-dr-med-dr-hc-michael-zitzmann-mnster,2,MRT Münster | Dr. Michael Ho | ARISTRA Radiologische Privatpraxis,Münster,"Harsewinkelgasse 19, 48143 Münster",Radiologe,ed09a060-f180-47e2-bc53-16495ccaec6a,https://navoria.de/praxis/muenster/mrt-muenster-dr-michael-ho-aristra-radiologische-privatpraxis-6pdOP0,0.720
/hausarzt/muenster/prof-dr-med-dr-hc-michael-zitzmann-mnster,3,NLP-Praxis-Münster,Münster,"Fraunhoferstraße 8, 48161 Münster-Roxel",Urologe,e36f6009-bb8a-4809-8f84-67af4e52997b,https://navoria.de/praxis/muenster/nlp-praxis-muenster-2qpPCk,0.638
/hausarzt/muenster/prof-dr-med-dr-hc-michael-zitzmann-mnster,4,Zahnarztpraxis Peter Wortmann Münster,Münster,"Rüschhausweg 12, 48161 Münster-Gievenbeck",Zahnarzt,cfe0b040-b5be-4cd6-b122-9949b09c3a3e,https://navoria.de/praxis/muenster/zahnarztpraxis-peter-wortmann-muenster-d8wPaw,0.610
/hausarzt/muenster/prof-dr-med-dr-hc-michael-zitzmann-mnster,5,Praxis Stefan Blüggel Münster,Münster,"Theodor-Storm-Straße 2, 48165 Münster-Hiltrup",Kinderarzt,20850628-5463-44a5-8ecb-20ec005c7db1,https://navoria.de/praxis/muenster/praxis-stefan-blueggel-muenster-_BGOps,0.594
/hausarzt/castrop-rauxel/andrey-nefedev-julia-carolin-nefedev-castrop-rauxel,1,Evangelisches Krankenhaus Castrop-Rauxel,Castrop-Rauxel,"Grutholzallee 21, 44577 Castrop-Rauxel",Krankenhaus,cf8f6b1a-3e9e-44bf-b0cc-75e49e76f5aa,https://navoria.de/praxis/castrop-rauxel/evangelisches-krankenhaus-castrop-rauxel-EQJ1eA,0.531
/hausarzt/castrop-rauxel/andrey-nefedev-julia-carolin-nefedev-castrop-rauxel,2,"MVZ OGPaedicum – Castrop-Rauxel, Nordstraße",Castrop-Rauxel,"Nordstraße 2, 44579 Castrop-Rauxel-Habinghorst",Orthopäde,c302bbbb-e212-442c-9e4a-df221d7b8391,https://navoria.de/praxis/castrop-rauxel/mvz-ogpaedicum-castrop-rauxel-nordstrasse-UezNZ0,0.521
/hausarzt/castrop-rauxel/andrey-nefedev-julia-carolin-nefedev-castrop-rauxel,3,MVZ Prof. Dr. Uhlenbrock und Partner - Standort Castrop-Rauxel - Radiologie u. Nuklearmedizin,Castrop-Rauxel,"Im St. Rochus-Hospital, Glückaufstraße 10, 44575 Castrop-Rauxel",Radiologe,72c08ab3-ea22-4226-a69c-7daaddce610a,https://navoria.de/praxis/castrop-rauxel/mvz-prof-dr-uhlenbrock-und-partner-standort-castrop-rauxel-radiologie-u-nuklearm-liwfJ4,0.502
/hausarzt/castrop-rauxel/andrey-nefedev-julia-carolin-nefedev-castrop-rauxel,4,MRT Lünen | MRT-Zentrum Recklinghausen der Radiologie Castrop,Castrop-Rauxel,"Grutholzallee 19, 44577 Castrop-Rauxel",Radiologe,87704abf-b4c7-4809-b88c-b7edf5da31da,https://navoria.de/praxis/castrop-rauxel/mrt-luenen-mrt-zentrum-recklinghausen-der-radiologie-castrop-cObrqo,0.467
/hausarzt/castrop-rauxel/andrey-nefedev-julia-carolin-nefedev-castrop-rauxel,5,MRT Herne | MRT-Zentrum Recklinghausen der Radiologie Castrop,Castrop-Rauxel,"Grutholzallee 19, 44577 Castrop-Rauxel",Radiologe,f5d6acdd-26e1-48b0-b1be-b86a8fa2adcb,https://navoria.de/praxis/castrop-rauxel/mrt-herne-mrt-zentrum-recklinghausen-der-radiologie-castrop-40aLw0,0.461
/hausarzt/leipzig/frau-dr-med-katja-khn-leipzig,1,Praxis Dr. Kautz Leipzig,Leipzig,"Ferdinand-Rhode-Straße 3B, 04107 Leipzig",Hausarzt,88591677-0715-4fdf-b79c-bca58722ce51,https://navoria.de/praxis/leipzig/praxis-dr-kautz-leipzig-JoBF20,0.734
/hausarzt/leipzig/frau-dr-med-katja-khn-leipzig,2,Kardiopraxis Leipzig Dr. med. Maika Klein,Leipzig,"August-Bebel-Straße 69, 04275 Leipzig",Kardiologe,a95510cb-f77b-4c78-b59d-902daf1ea66c,https://navoria.de/praxis/leipzig/kardiopraxis-leipzig-dr-med-maika-klein-ClUfHQ,0.635
/hausarzt/leipzig/frau-dr-med-katja-khn-leipzig,3,OWZ Leipzig,Leipzig,"Lutherstraße 10, 04315 Leipzig",Orthopäde,da44da5e-7d85-4494-8610-f554c682afaa,https://navoria.de/praxis/leipzig/owz-leipzig-ouQbYg,0.626
/hausarzt/leipzig/frau-dr-med-katja-khn-leipzig,4,MRT-Praxis Leipzig,Leipzig,"Holzhäuser Str. 75, 04299 Leipzig",Radiologe,70d8d455-0653-40c7-80e5-75e33961d7bf,https://navoria.de/praxis/leipzig/mrt-praxis-leipzig-w3n6Xg,0.626
/hausarzt/leipzig/frau-dr-med-katja-khn-leipzig,5,OCT-Leipzig,Leipzig,"Georg-Schwarz-Straße 53, 04179 Leipzig",Chirurg,922a91db-5702-4aed-b04d-1e683a43504d,https://navoria.de/praxis/leipzig/oct-leipzig-sPRRmc,0.626
/hausarzt/offenbach/dr-med-r-kappus-offenbach,1,Dr. med. R. Kappus,Offenbach am Main,"Berliner Str. 75, 63065 Offenbach am Main-Frankfurt-Ost",Hautarzt,140f10eb-689b-4675-87f4-d2c0397d9828,https://navoria.de/praxis/offenbach-am-main/dr-med-r-kappus-0CTdkI,0.825
/hausarzt/offenbach/dr-med-r-kappus-offenbach,2,Praxis Dey Offenbach,Offenbach am Main,"Lichtenplattenweg 85, 63071 Offenbach am Main",Hausarzt,a438a48e-597e-4a72-8c53-0a9654b486c3,https://navoria.de/praxis/offenbach-am-main/praxis-dey-offenbach-iAAbNo,0.731
/hausarzt/offenbach/dr-med-r-kappus-offenbach,3,ZPN Offenbach,Offenbach am Main,"Wilhelmspl. 11, 63065 Offenbach am Main",Psychiater,2e2b49e5-8b6a-452b-b58a-166da579bdc4,https://navoria.de/praxis/offenbach-am-main/zpn-offenbach-E0hYhw,0.696
/hausarzt/offenbach/dr-med-r-kappus-offenbach,4,RehaMed Offenbach,Offenbach am Main,"Geleitsstraße 61, 63067 Offenbach am Main",Orthopäde,004f7f8e-5b01-4d8a-9c47-4e92ec87c9e3,https://navoria.de/praxis/offenbach-am-main/rehamed-offenbach-Oa7I0s,0.652
/hausarzt/offenbach/dr-med-r-kappus-offenbach,5,Praxis Dr. Anne Blum - Offenbach,Offenbach am Main,"Berliner Str. 116, 63065 Offenbach am Main",Frauenarzt,79939bbf-9234-44c8-a66f-bab67116901c,https://navoria.de/praxis/offenbach-am-main/praxis-dr-anne-blum-offenbach-Hs3tuo,0.648
/hausarzt/muenchen/praxis-dr-med-qassim-al-saadawi-mnchen,1,Allgemeinmedizin München Ost,München,"Achentalstraße 10A, 81671 München",Hausarzt,0088a8df-f6c7-440f-a43a-93edbc600722,https://navoria.de/praxis/muenchen/allgemeinmedizin-muenchen-ost-n0oem8,0.650
/hausarzt/muenchen/praxis-dr-med-qassim-al-saadawi-mnchen,2,Zahnarztpraxis Dr. Ivica Alvir | München,München,"Dachauer Str. 9, 80335 München",Zahnarzt,60dafe8f-4a5e-45d2-9684-362442f07e1a,https://navoria.de/praxis/muenchen/zahnarztpraxis-dr-ivica-alvir-muenchen-cwxBn0,0.631
/hausarzt/muenchen/praxis-dr-med-qassim-al-saadawi-mnchen,3,HNO Zentrum München - Allach,München,"Georg-Reismüller-Straße 18, 80999 München",HNO-Arzt,e4202022-847d-4842-859a-954714071de3,https://navoria.de/praxis/muenchen/hno-zentrum-muenchen-allach-pa48po,0.615
/hausarzt/muenchen/praxis-dr-med-qassim-al-saadawi-mnchen,4,ALTAVIT Physiotherapie München Zentrum,München,"Tumblingerstraße 23, 80337 München",Physiotherapeut,35c4189a-a745-4944-afa7-124b6ce9a6a1,https://navoria.de/praxis/muenchen/altavit-physiotherapie-muenchen-zentrum-YghVVs,0.608
/hausarzt/muenchen/praxis-dr-med-qassim-al-saadawi-mnchen,5,RADIOLOGIE MÜNCHEN im Alten Hof,München,"Dienerstraße 12, 80331 München-Altstadt-Lehel",Radiologe,17070d97-44a5-47a1-b276-dae456b83745,https://navoria.de/praxis/muenchen/radiologie-muenchen-im-alten-hof-zCd8Ls,0.608
/hausarzt/hagen/dr-med-m-farsab-hagen,1,Dr. Med. M. Farsab,Hagen,"Friedrich-Ebert-Platz 2, 58095 Hagen",Urologe,747560d4-0458-4037-809c-0f0ab48a1c28,https://navoria.de/praxis/hagen/dr-med-m-farsab-Hz_8uU,0.825
/hausarzt/hagen/dr-med-m-farsab-hagen,2,Orthopädie Praxis Hagen Dr. med. Kay Förster,Hagen,"Elberfelder Str. 55, 58095 Hagen",Orthopäde,91312257-7e4a-4a2d-a3db-2e594aa56c50,https://navoria.de/praxis/hagen/orthopaedie-praxis-hagen-dr-med-kay-foerster-F9F41Y,0.638
/hausarzt/hagen/dr-med-m-farsab-hagen,3,Internistische Hausarztpraxis Dr. Dipl. med. Webber Hagen,Hagen,"Mittelstraße 25, 58095 Hagen",Internist,9d9303b0-dd64-4db6-a182-fe9ba284cb58,https://navoria.de/praxis/hagen/internistische-hausarztpraxis-dr-dipl-med-webber-hagen-pWJmEg,0.615
/hausarzt/hagen/dr-med-m-farsab-hagen,4,RehaVita Hagen,Hagen,"Augustastraße 57, 58089 Hagen",Physiotherapeut,7c24863a-04db-497d-9a73-21e077d308cf,https://navoria.de/praxis/hagen/rehavita-hagen-YMV9Rs,0.615
/hausarzt/hagen/dr-med-m-farsab-hagen,5,PHYSIO-FLEIGE HAGEN,Hagen,"Brahmsstraße 54, 58097 Hagen",Physiotherapeut,25779a1c-5613-45ac-9792-fc22161f0f84,https://navoria.de/praxis/hagen/physio-fleige-hagen-kZHrUY,0.582
/hausarzt/troisdorf/dr-heeg-troisdorf,1,MVZ Rhein-Sieg • Troisdorf,Troisdorf,"Hospitalstraße 45, 53840 Troisdorf",Radiologe,217e6c74-bf3c-492f-965b-5b46860efb10,https://navoria.de/praxis/troisdorf/mvz-rhein-sieg-troisdorf-mNJ4jI,0.675
/hausarzt/troisdorf/dr-heeg-troisdorf,2,GFO Kliniken Troisdorf - St. Johannes Krankenhaus,Troisdorf,"Wilhelm-Busch-Straße 9, 53844 Troisdorf-Sieglar",Krankenhaus,e169dde3-b989-4615-abd0-496a79509e3a,https://navoria.de/praxis/troisdorf/gfo-kliniken-troisdorf-st-johannes-krankenhaus-_4CuVE,0.675
/hausarzt/troisdorf/dr-heeg-troisdorf,3,Jens Straßburger / Ambulantes OP-Zentrum Troisdorf,Troisdorf,"Alte Poststraße 4, 53840 Troisdorf",Chirurg,99589c4d-eb0b-4e6e-b3de-1adc75411fa9,https://navoria.de/praxis/troisdorf/jens-strassburger-ambulantes-op-zentrum-troisdorf-QaH05Y,0.675
/hausarzt/troisdorf/dr-heeg-troisdorf,4,Privatpraxis Dr. S. Werner,Troisdorf,"In d. Bindeflacht 8, 53844 Troisdorf-Bergheim",Augenarzt,983d06ea-42d0-43d9-82fd-3bfc957cca84,https://navoria.de/praxis/troisdorf/privatpraxis-dr-s-werner-lgBXFA,0.376
/hausarzt/troisdorf/dr-heeg-troisdorf,5,MVZ HNO Rhein-Sieg,Troisdorf,"Sieglarer Str. 6, 53840 Troisdorf",HNO-Arzt,101bcc98-08e4-4b26-aa2f-397b7a68fe75,https://navoria.de/praxis/troisdorf/mvz-hno-rhein-sieg-eYB2U8,0.335
/hausarzt/delitzsch/dr-med-gerald-eckhardt-delitzsch,1,Chirurgische Praxis Delitzsch,Delitzsch,"Ludwig-Jahn-Straße 4, 04509 Delitzsch",Chirurg,c4d36e79-fbf7-4234-8a75-f4324e413d18,https://navoria.de/praxis/delitzsch/chirurgische-praxis-delitzsch-tlsdms,0.594
/hausarzt/delitzsch/dr-med-gerald-eckhardt-delitzsch,2,"Augenärzte Delitzsch, PD Dr.med. habil Yandiev, Dr.med. habil Yafai",Delitzsch,"Schäfergraben 5C, 04509 Delitzsch",Augenarzt,a3a24429-1f15-41a1-bb1a-6e25bc050104,https://navoria.de/praxis/delitzsch/augenaerzte-delitzsch-pd-drmed-habil-yandiev-drmed-habil-yafai-R71WBU,0.511
/arzt/backnang/martina-aggensteiner-backnang,1,Zahnspange Backnang,Backnang,"Sulzbacher Str. 49, 71522 Backnang",Zahnarzt,32e7b036-bfce-4978-9a13-92f5e081ff59,https://navoria.de/praxis/backnang/zahnspange-backnang-FHA2Qc,0.535
/arzt/backnang/martina-aggensteiner-backnang,2,Herr Dr. med. Gunther Schreier,Backnang,"Eduard-Breuninger-Straße 25, 71522 Backnang",Hausarzt,e5f7dc8c-6a7e-41ad-99d8-642c0ec65b66,https://navoria.de/praxis/backnang/herr-dr-med-gunther-schreier-ynLVLE,0.430
/arzt/backnang/martina-aggensteiner-backnang,3,Dr.med. Ute Ulfert & Dr.med.Dr.rer.nat Günther Ulfert,Backnang,"Karl-Krische-Straße 4, 71522 Backnang",Hausarzt,92614aa2-7d2b-4d10-bf10-ffa211e9b577,https://navoria.de/praxis/backnang/drmed-ute-ulfert-drmeddrrernat-guenther-ulfert-1ZpKoo,0.416
/arzt/backnang/martina-aggensteiner-backnang,4,Dr. Abdulkader Ahmad,Backnang,"Marktstraße 1, 71522 Backnang",Hausarzt,20262863-e446-4289-93bc-873c4ae63753,https://navoria.de/praxis/backnang/dr-abdulkader-ahmad-4SstMk,0.401
/arzt/backnang/martina-aggensteiner-backnang,5,Hausarztpraxis Annette Dalkowski & Wolfgang Steinh Fachärzte für Allgemeinmedizin,Backnang,"Sulzbacher Str. 99, 71522 Backnang",Hausarzt,d95e262d-4bd0-4640-8c34-0a91e16986ea,https://navoria.de/praxis/backnang/hausarztpraxis-annette-dalkowski-wolfgang-steinh-fachaerzte-fuer-allgemeinmedizi-f3p0FM,0.395
/arzt/flensburg/drcarolin-langhanke-dr-christina-brombacher-flensburg,1,Dr.Carolin Langhanke & Dr. Christina Brombacher,Flensburg,"Apenrader Str. 10, 24939 Flensburg-Klues",Internist,337a8960-7a3d-4763-a6e1-ab21fa7dfbfe,https://navoria.de/praxis/flensburg/drcarolin-langhanke-dr-christina-brombacher-1phW1o,0.765
/arzt/flensburg/drcarolin-langhanke-dr-christina-brombacher-flensburg,2,Orthopädie Flensburg,Flensburg,"Marienhölzungsweg 60, 24939 Flensburg-Westliche Höhe",Orthopäde,5ae5bd41-0175-452d-b2c6-e7c6699a8413,https://navoria.de/praxis/flensburg/orthopaedie-flensburg-oWXoEk,0.741
/arzt/flensburg/drcarolin-langhanke-dr-christina-brombacher-flensburg,3,Zahnarztpraxis Am Plack in Flensburg,Flensburg,"Fördestraße 74, 24944 Flensburg-Mürwik",Zahnarzt,79a3e74c-9f4f-404a-a4fe-f45f1396b4da,https://navoria.de/praxis/flensburg/zahnarztpraxis-am-plack-in-flensburg-zYJCHU,0.573
/arzt/flensburg/drcarolin-langhanke-dr-christina-brombacher-flensburg,4,Diabetes Zentrum Flensburg,Flensburg,"medi.zentrum am franziskus, Waldstraße 13-15, 24939 Flensburg-Westliche Höhe",Hausarzt,0a69a5fb-66ad-4781-9952-fec81f3a9cdf,https://navoria.de/praxis/flensburg/diabetes-zentrum-flensburg-u-VGtQ,0.566
/arzt/flensburg/drcarolin-langhanke-dr-christina-brombacher-flensburg,5,Medizin Flensburg.de,Flensburg,"Apenrader Str. 2, 24939 Flensburg",Hausarzt,69b426bf-8ed2-4e23-84c3-c80edc69ef6d,https://navoria.de/praxis/flensburg/medizin-flensburgde-5ImoQU,0.545
/hausarzt/jever/hausarztpraxis-am-schlo-jever,1,Gynäkologische Gemeinschaftspraxis Jever / Wilhelmshaven,Jever,"Petersilienstraße 2, 26441 Jever",Frauenarzt,80ddcc77-5cd6-4a7f-aa20-2f1e9e0f2789,https://navoria.de/praxis/jever/gynaekologische-gemeinschaftspraxis-jever-wilhelmshaven-TPbFTM,0.596
/hausarzt/jever/hausarztpraxis-am-schlo-jever,2,Dr. Michael Schirmann,Jever,"Petersilienstraße 2, 26441 Jever",Frauenarzt,18a5347f-2321-44ec-aa1c-5b6b10c79222,https://navoria.de/praxis/jever/dr-michael-schirmann-IloeLE,0.529
/hausarzt/dorsten/herr-dr-med-georg-haase-dorsten,1,MediDermis Dorsten,Dorsten,"Südwall 15, 46282 Dorsten",Hautarzt,8194d79f-2c04-4fbe-a762-77ef0c15929e,https://navoria.de/praxis/dorsten/medidermis-dorsten-_UhvOA,0.579
/hausarzt/dorsten/herr-dr-med-georg-haase-dorsten,2,Holzwarth Apotheke Dorsten,Dorsten,"im Ärztehaus LaVie, Halterner Str. 19A, 46284 Dorsten",Apotheke,01826f7e-2cbe-46ec-9105-3cac6001e35e,https://navoria.de/praxis/dorsten/holzwarth-apotheke-dorsten-k9JVDA,0.552
/hausarzt/dorsten/herr-dr-med-georg-haase-dorsten,3,KERN-Praxis Orthopädie & Unfallchirurgie Dorsten,Dorsten,"Pfarrer-Wilhelm-Schmitz-Straße 1 a, 46282 Dorsten",Orthopäde,041f42e1-72b5-48fe-bc03-e5c4be3b597c,https://navoria.de/praxis/dorsten/kern-praxis-orthopaedie-unfallchirurgie-dorsten-gzpXGA,0.538
/hausarzt/dorsten/herr-dr-med-georg-haase-dorsten,4,Dr. med. Torsten Sassinek & Dr. med. Cordula Ullrich · Fachärzte für Neurologie,Dorsten,"Halterner Str. 29, 46284 Dorsten-Hervest",Urologe,2f2dac1f-c15d-4f70-8285-6174f2072a45,https://navoria.de/praxis/dorsten/dr-med-torsten-sassinek-dr-med-cordula-ullrich-fachaerzte-fuer-neurologie-Ltcx3Q,0.444
/hausarzt/dorsten/herr-dr-med-georg-haase-dorsten,5,Dr. med. dent. Oliver Moritz,Dorsten,"Fritz-Eggeling-Allee 1, 46286 Dorsten",Zahnarzt,d85148ee-d79c-42ec-866e-5ca5174b478e,https://navoria.de/praxis/dorsten/dr-med-dent-oliver-moritz-wXOb7Y,0.376
/hausarzt/rottenburg/herr-dr-med-matthias-ehrt-rottenburg,1,Neuro-Praxis Rottenburg Dr.Sigg/ Dr.Freist,Rottenburg am Neckar,"Spiegelgasse 1, 72108 Rottenburg am Neckar",Urologe,a19271c7-cb36-460e-a4e0-fde8ecfec100,https://navoria.de/praxis/rottenburg-am-neckar/neuro-praxis-rottenburg-drsigg-drfreist-zQkhxg,0.583
/hausarzt/rottenburg/herr-dr-med-matthias-ehrt-rottenburg,2,Augenzentrum Eckert: Rottenburg,Rottenburg am Neckar,"Tübinger Str. 16, 72108 Rottenburg am Neckar",Augenarzt,1922f344-d5c5-40c2-a2c3-0d9162023574,https://navoria.de/praxis/rottenburg-am-neckar/augenzentrum-eckert-rottenburg-QHj4K8,0.554
/hausarzt/rottenburg/herr-dr-med-matthias-ehrt-rottenburg,3,Gastroenterologiezentrum Rottenburg,Rottenburg am Neckar,"Tübinger Str. 16, 72108 Rottenburg am Neckar",Internist,d626bb2e-0be8-4f72-af1b-8343430112da,https://navoria.de/praxis/rottenburg-am-neckar/gastroenterologiezentrum-rottenburg-F0kNk4,0.533
/hausarzt/rottenburg/herr-dr-med-matthias-ehrt-rottenburg,4,"Matthias Cuno, Facharzt für Urologie, Andrologie u. med. Tumortherapie",Rottenburg am Neckar,"Königstraße 50, 72108 Rottenburg am Neckar",Urologe,637b5eff-bcd2-4910-934d-06ca0c0a6427,https://navoria.de/praxis/rottenburg-am-neckar/matthias-cuno-facharzt-fuer-urologie-andrologie-u-med-tumortherapie-Wuh35I,0.519
/hausarzt/rottenburg/herr-dr-med-matthias-ehrt-rottenburg,5,PD Dr. med. Christian Eick und Dr. med. Nina Götz,Rottenburg am Neckar,"Poststraße 15, 72108 Rottenburg am Neckar",Internist,0cd77501-a18a-4c44-9890-a61ebb34e5c3,https://navoria.de/praxis/rottenburg-am-neckar/pd-dr-med-christian-eick-und-dr-med-nina-goetz-XE8dzo,0.385
/hausarzt/luenen/herr-dr-med-ulrich-hning-lnen,1,Herr Dr. med. Ulrich Hüning,Lünen,"Altstadtstraße 32, 44534 Lünen",Internist,1ee52268-2986-4901-a4e3-3a8408065999,https://navoria.de/praxis/luenen/herr-dr-med-ulrich-huening-9ImhnM,0.695
/hausarzt/luenen/herr-dr-med-ulrich-hning-lnen,2,KJP-Lünen,Lünen,"Dortmunder Str. 13, 44536 Lünen",Psychiater,e34f2aeb-3b4d-45aa-a656-45d9d2e2bab9,https://navoria.de/praxis/luenen/kjp-luenen-kWanZ0,0.610
/hausarzt/luenen/herr-dr-med-ulrich-hning-lnen,3,Gemeinschaftspraxis Dr.med. Joachim Triebold & Janina Lech,Lünen,"Preußenstraße 49A, 44532 Lünen",Internist,f01bf862-98a1-42ab-9012-02948cf5d899,https://navoria.de/praxis/luenen/gemeinschaftspraxis-drmed-joachim-triebold-janina-lech-lbRusU,0.557
/hausarzt/luenen/herr-dr-med-ulrich-hning-lnen,4,Physiotherapie Pentling Lünen,Lünen,"Kurt-Schumacher-Straße 6, 44534 Lünen",Physiotherapeut,2a97b614-ba36-4320-a3c4-46f2340a4661,https://navoria.de/praxis/luenen/physiotherapie-pentling-luenen-SjvjXY,0.554
/hausarzt/luenen/herr-dr-med-ulrich-hning-lnen,5,Knappschaft Kliniken Lünen,Lünen,"Brechtener Str. 59, 44536 Lünen",Chirurg,a7ac4d43-6b47-4f2a-ab0b-e10df5cb5aaf,https://navoria.de/praxis/luenen/knappschaft-kliniken-luenen-To6j8A,0.545
/hausarzt/geseke/frau-dr-med-ulrike-kleine-geseke,1,Orthopädie und Unfallchirurgie Geseke - Ammar Dabelah,Geseke,"Hellweg 2, 59590 Geseke",Orthopäde,d202a3be-6f72-4013-8ca2-770a2f779938,https://navoria.de/praxis/geseke/orthopaedie-und-unfallchirurgie-geseke-ammar-dabelah-tWM6Vk,0.510
/hausarzt/lehrte/dr-med-martin-schick-lehrte,1,KRH Klinikum Lehrte,Lehrte,"Manskestraße 22, 31275 Lehrte",Krankenhaus,9ab3afac-3831-4f99-a7cd-342d1b22a9fb,https://navoria.de/praxis/lehrte/krh-klinikum-lehrte-k8Qrc0,0.526
/hausarzt/lehrte/dr-med-martin-schick-lehrte,2,Florian Lippstock,Lehrte,"Friedrichstraße 18, 31275 Lehrte",Kardiologe,79a0554e-634e-45f7-9657-cd25d1f60f11,https://navoria.de/praxis/lehrte/florian-lippstock-GwB2sw,0.370
/hausarzt/erlangen/drmed-christian-dbig-erlangen,1,Dr.med. Christian Döbig,Erlangen,"Hilpertstraße 23, 91052 Erlangen",Kinderarzt,c9853b29-48f6-42df-88e9-5e1f16039fdb,https://navoria.de/praxis/erlangen/drmed-christian-doebig-a1NHSI,0.689
/hausarzt/erlangen/drmed-christian-dbig-erlangen,2,Zahnarztpraxis Christian Holdt,Erlangen,"Hauptstraße 76, 91054 Erlangen",Zahnarzt,7c62ac6f-1de3-4f84-ad93-1942a1b45211,https://navoria.de/praxis/erlangen/zahnarztpraxis-christian-holdt-OF3Hkg,0.610
/hausarzt/erlangen/drmed-christian-dbig-erlangen,3,Praxis Dr. Schanda - Erlangen,Erlangen,"Meisenweg 3, 91056 Erlangen-Alterlangen",Psychiater,268174a1-64d0-4ca0-ae0a-86ea97bade0b,https://navoria.de/praxis/erlangen/praxis-dr-schanda-erlangen-kaF9ME,0.596
/hausarzt/erlangen/drmed-christian-dbig-erlangen,4,Erlangen Uniklinik,Erlangen,"Ulmenweg 18, 91054 Erlangen",Krankenhaus,2817baf1-40ce-4783-b7ca-8a78fbccbc1f,https://navoria.de/praxis/erlangen/erlangen-uniklinik-yTU2cE,0.596
/hausarzt/erlangen/drmed-christian-dbig-erlangen,5,Hautarztpraxis Dr. Haaken Erlangen,Erlangen,"Goethestraße 23, 91054 Erlangen",Hautarzt,fac0436d-183c-4ff3-bf4e-33ae7c6e5874,https://navoria.de/praxis/erlangen/hautarztpraxis-dr-haaken-erlangen-hqGZhc,0.582
/hausarzt/berlin/dr-mehdi-rafii-berlin,1,Dentalpraxis-Berlin - Zahnarztpraxis,Berlin,"Fuggerstraße 35, 10777 Berlin",Zahnarzt,50bcd706-2678-4359-9906-b52a1125fed7,https://navoria.de/praxis/berlin/dentalpraxis-berlin-zahnarztpraxis-mOyOis,0.601
/hausarzt/berlin/dr-mehdi-rafii-berlin,2,Therapie Berlin Mitte,Berlin,"Georgenstraße 25, 10117 Berlin",Physiotherapeut,7f5e7b80-e108-4d13-a455-56fa0c939314,https://navoria.de/praxis/berlin/therapie-berlin-mitte-rV5_6k,0.598
/hausarzt/berlin/dr-mehdi-rafii-berlin,3,physioloft berlin,Berlin,"Lützowstraße 102-104, 10785 Berlin",Physiotherapeut,b800e971-b6af-464f-ae9f-03e6d194b0ba,https://navoria.de/praxis/berlin/physioloft-berlin-h0J7FQ,0.568
/hausarzt/berlin/dr-mehdi-rafii-berlin,4,Psychodynamik Berlin,Berlin,"Hermannstraße 184, 12049 Berlin",Psychiater,95cb041a-1ee5-4912-a8b0-26491e9691f0,https://navoria.de/praxis/berlin/psychodynamik-berlin-H5ya7w,0.568
/hausarzt/berlin/dr-mehdi-rafii-berlin,5,Urologie Berlin-Adlershof,Berlin,"Konrad-Zuse-Straße 6, 12489 Berlin",Urologe,6a9d7c0c-e5d3-4d2f-8e7b-9a6c2eff374f,https://navoria.de/praxis/berlin/urologie-berlin-adlershof-9OOzwE,0.560
/kinderarzt/erbach/frau-dr-med-romy-schreck-erbach,1,Praxis Dr. Schwarz – Augenärzte in Erbach,Erbach,"Ehinger Str. 31-33, 89155 Erbach",Augenarzt,f986c118-9ea1-43f9-a337-57ec91c1df4a,https://navoria.de/praxis/erbach/praxis-dr-schwarz-augenaerzte-in-erbach-Uyk0-8,0.552
/kinderarzt/erbach/frau-dr-med-romy-schreck-erbach,2,HNO-Zentrum Ulm - Praxis Erbach (Donau),Erbach,"Erlenbachstraße 48/2, 89155 Erbach",HNO-Arzt,e10eeedb-d3a0-4453-b432-d1d49b91966b,https://navoria.de/praxis/erbach/hno-zentrum-ulm-praxis-erbach-donau-xUxpcE,0.547
/kinderarzt/erbach/frau-dr-med-romy-schreck-erbach,3,Augenzentrum Eckert: Erbach,Erbach,"Ehinger Str. 40, 89155 Erbach",Augenarzt,e1320c1e-2d3e-4395-ac37-9b4a39a8a859,https://navoria.de/praxis/erbach/augenzentrum-eckert-erbach-3IZYhE,0.536
/kinderarzt/erbach/frau-dr-med-romy-schreck-erbach,4,Herr Dr. med. Hansjürgen Becht,Erbach,"Ehinger Str. 31, 89155 Erbach",Psychiater,548e3e4e-62fa-41bc-8635-78b347c44eef,https://navoria.de/praxis/erbach/herr-dr-med-hansjuergen-becht-2hWzY0,0.353
/hausarzt/netphen/kinderarztpraxis-turian-westphal-ehemals-koch-netphen,1,Marien Ambulant - Frauenheilkunde Netphen / Sabine Hartmann/Dr. med. Carola Weber/Mireille C. Bangue,Netphen,"Lahnstraße 48, 57250 Netphen",Frauenarzt,c7e6781a-b472-4051-a15e-6a62b9ee9867,https://navoria.de/praxis/netphen/marien-ambulant-frauenheilkunde-netphen-sabine-hartmanndr-med-carola-webermireil-PxRXVc,0.510
/hausarzt/netphen/kinderarztpraxis-turian-westphal-ehemals-koch-netphen,2,Physio Karcher (Privatversicherte & Selbstzahler),Netphen,"Schömelstraße 27, 57250 Netphen",Physiotherapeut,6637dc5f-96a3-4cde-8e02-efd5cb5ae9e0,https://navoria.de/praxis/netphen/physio-karcher-privatversicherte-selbstzahler-O58sgA,0.386
/hausarzt/netphen/kinderarztpraxis-turian-westphal-ehemals-koch-netphen,3,Praxis für Physiotherapie und Osteopathische Therapie,Netphen,"Neumarkt 14, 57250 Netphen",Physiotherapeut,27a08261-6da5-4845-ade8-2d92b7920f01,https://navoria.de/praxis/netphen/praxis-fuer-physiotherapie-und-osteopathische-therapie-VvBlYI,0.364
/hausarzt/netphen/kinderarztpraxis-turian-westphal-ehemals-koch-netphen,4,Sieg-Apotheke,Netphen,"Siegstraße 82, 57250 Netphen",Apotheke,324e4860-d242-428c-92aa-63391a7713bd,https://navoria.de/praxis/netphen/sieg-apotheke-3C-nG0,0.355
/hausarzt/netphen/kinderarztpraxis-turian-westphal-ehemals-koch-netphen,5,Dr. Aik Schultze & Dr. Myriam Schultze ZÄ Emilia Kokott ZÄ Sharo Mardi ZA Nicoleta Meister Dr. Dieter Grolig ZÄ Caja Freyberg,Netphen,"Bahnhofstraße 28, 57250 Netphen",Zahnarzt,343d4bd7-1623-4de1-930a-a9e4de57cf3d,https://navoria.de/praxis/netphen/dr-aik-schultze-dr-myriam-schultze-zae-emilia-kokott-zae-sharo-mardi-za-nicoleta-35aO74,0.339
/arzt/holzgerlingen/dr-med-dagmar-hofsss-bock-holzgerlingen,1,Dr. med. Dagmar Hofsäss-Bock,Holzgerlingen,"Böblinger Str. 2, 71088 Holzgerlingen",Psychiater,7daa9ef5-09b8-4fef-83ef-b374a3543dcf,https://navoria.de/praxis/holzgerlingen/dr-med-dagmar-hofsaess-bock-i8xtEk,0.706
/hausarzt/witten/dr-berg-witten,1,Dr. Berg,Witten,"Beethovenstraße 14, 58452 Witten",Augenarzt,f8f4c7aa-3c7a-48b1-b6a3-5570e4fdd711,https://navoria.de/praxis/witten/dr-berg-8qwF7k,0.825
/hausarzt/witten/dr-berg-witten,2,Bären-Apotheke Witten,Witten,"Pferdebachstraße 16, 58455 Witten",Apotheke,b761c3e2-bebe-4a95-93dc-478e5f67b1f1,https://navoria.de/praxis/witten/baeren-apotheke-witten-9BTROU,0.774
/hausarzt/witten/dr-berg-witten,3,GiM Witten,Witten,"Pferdebachstraße 29, 58455 Witten",Internist,3abc80a7-3e54-4b85-9f3b-624f9d85354b,https://navoria.de/praxis/witten/gim-witten-jLDsJs,0.672
/hausarzt/witten/dr-berg-witten,4,KFO Witten,Witten,"Bahnhofstraße 35, 58452 Witten",Zahnarzt,823b932e-e2c7-4cc5-b749-1a07f712e942,https://navoria.de/praxis/witten/kfo-witten-3IuCWg,0.672
/hausarzt/witten/dr-berg-witten,5,Dermacenter Witten,Witten,"Bahnhofstraße 69 - 71, 58452 Witten",Hausarzt,fee3e7db-931d-4f94-8106-dc3268a16b53,https://navoria.de/praxis/witten/dermacenter-witten-cv0GAs,0.669
/hausarzt/eichstaett/dr-med-margret-bauer-eichsttt,1,Internistisches Zentrum Eichstätt,Eichstätt,"Weißenburger Str. 13, 85072 Eichstätt",Internist,ff5a25f9-7644-4209-ab5e-aca6ad1d3dc1,https://navoria.de/praxis/eichstaett/internistisches-zentrum-eichstaett-3b09-k,0.584
/hausarzt/eichstaett/dr-med-margret-bauer-eichsttt,2,Dr.med. Stefan Englmeier Facharzt für Innere Medizin und Pneumologie,Eichstätt,"Sollnau 32, 85072 Eichstätt",Internist,0a338575-127a-4e3d-bbe5-23c6ffdd114a,https://navoria.de/praxis/eichstaett/drmed-stefan-englmeier-facharzt-fuer-innere-medizin-und-pneumologie-VKw4tA,0.358
/hausarzt/eichstaett/dr-med-margret-bauer-eichsttt,3,"Praxis Hautarzt Alexander Klotz Dermatologie, Allergologie, amb. Onkologie, Operationen",Eichstätt,"Marktgasse 6, 85072 Eichstätt",Hautarzt,96d225da-d0e5-4b9d-993d-1105184f7838,https://navoria.de/praxis/eichstaett/praxis-hautarzt-alexander-klotz-dermatologie-allergologie-amb-onkologie-operatio-D3thbY,0.348
/hausarzt/baunatal/michael-frlich-baunatal,1,Einhorn Apotheke Baunatal,Baunatal,"Marktpl. 16, 34225 Baunatal",Apotheke,0a9bc8c5-1bf4-4a82-880b-4019eee1ee70,https://navoria.de/praxis/baunatal/einhorn-apotheke-baunatal-0tLK0g,0.560
/hausarzt/baunatal/michael-frlich-baunatal,2,Orthopädische Praxisklinik Baunatal Medizinisches Versorgungszentrum,Baunatal,"Stettiner Str. 4, 34225 Baunatal-Großenritte",Orthopäde,02fea788-c7b1-4d90-96c2-cfcfc763caed,https://navoria.de/praxis/baunatal/orthopaedische-praxisklinik-baunatal-medizinisches-versorgungszentrum--Z96ZE,0.533
/hausarzt/baunatal/michael-frlich-baunatal,3,MVZ Gesundheit Nordhessen I HNO Praxis Baunatal,Baunatal,"Stettiner Str. 5, 34225 Baunatal",HNO-Arzt,400248eb-dee9-4459-8817-dd4ce1ceafeb,https://navoria.de/praxis/baunatal/mvz-gesundheit-nordhessen-i-hno-praxis-baunatal-4qTmh4,0.524
/hausarzt/baunatal/michael-frlich-baunatal,4,Dr.med. Michaela Jahn,Baunatal,"Heinrich-Nordhoff-Straße 7, 34225 Baunatal-Altenbauna",Urologe,43b320d0-36ac-41ff-aae8-b4afe166865b,https://navoria.de/praxis/baunatal/drmed-michaela-jahn-mNzKj4,0.523
/hausarzt/baunatal/michael-frlich-baunatal,5,Kardiologie Baunatal - Zweigpraxis der B. Braun Ambulantes Herzzentrum Kassel MVZ GmbH,Baunatal,"Stettiner Str. 5, 34225 Baunatal-Großenritte",Kardiologe,93b055d1-f8c0-457d-bc03-4be37ed7edef,https://navoria.de/praxis/baunatal/kardiologie-baunatal-zweigpraxis-der-b-braun-ambulantes-herzzentrum-kassel-mvz-g-8XCR8M,0.504
/augenarzt/frankenbergsachsen/dr-ute-hunger-frankenbergsachsen,1,Dipl.Med. Barbara Eichinger,Frankenberg/Sachsen,"Baderberg 2, 09669 Frankenberg/Sachsen",Hautarzt,de2df0f3-a64a-4ec8-80f8-1dca49aa7932,https://navoria.de/praxis/frankenbergsachsen/diplmed-barbara-eichinger-0M9xMo,0.503
/augenarzt/frankenbergsachsen/dr-ute-hunger-frankenbergsachsen,2,Dr. med. Jana Nestler,Frankenberg/Sachsen,"Baderberg 2, 09669 Frankenberg/Sachsen",Kinderarzt,a58e9197-002a-48fd-aded-bb7ba9c5740a,https://navoria.de/praxis/frankenbergsachsen/dr-med-jana-nestler-2Efzj0,0.366
/augenarzt/frankenbergsachsen/dr-ute-hunger-frankenbergsachsen,3,"FA Lukas Grän, Praxis für HNO-Heilkunde | MVZ Claussstraße |Poliklinik gGmbH Chemnitz",Frankenberg/Sachsen,"Freiberger Str. 48/49, 09669 Frankenberg/Sachsen",HNO-Arzt,bd9e5f9a-a058-4a89-8746-9d0e7104bb8c,https://navoria.de/praxis/frankenbergsachsen/fa-lukas-graen-praxis-fuer-hno-heilkunde-mvz-claussstrasse-poliklinik-ggmbh-chem-tusEVI,0.347
/hausarzt/soest/dr-med-barbara-knollmann-soest,1,Dermazentrum Soest,Soest,"Marktstraße 12, 59494 Soest",Hautarzt,2e7b0acc-b283-4d07-9937-8c4f1426ad5b,https://navoria.de/praxis/soest/dermazentrum-soest-Od3xwQ,0.541
/hausarzt/soest/dr-med-barbara-knollmann-soest,2,"Dr. med. H. Hayek, FEBO - Augenarzt in Soest",Soest,"Walburgerstraße 1b, 59494 Soest",Augenarzt,e7d1eb7c-57ff-4f4c-94be-6266074dc13b,https://navoria.de/praxis/soest/dr-med-h-hayek-febo-augenarzt-in-soest-_e4iDc,0.520
/hausarzt/soest/dr-med-barbara-knollmann-soest,3,Herr Dr. med. Christoph Lehmenkühler,Soest,"Krummel 1, 59494 Soest",Urologe,5e0eba39-ea2e-4abc-b5c8-a414f8a9412b,https://navoria.de/praxis/soest/herr-dr-med-christoph-lehmenkuehler-sWuAOc,0.320
/hausarzt/soest/dr-med-barbara-knollmann-soest,4,Dres. med. Theodor und Ulrike Hülskemper,Soest,"Marktstraße 8, 59494 Soest",Urologe,1c30e59f-6c17-4ea9-930c-471222ff3e74,https://navoria.de/praxis/soest/dres-med-theodor-und-ulrike-huelskemper-gY7Vn8,0.306
/hausarzt/frankfurt/dr-med-cpanijel-rath-fachrztin-f-allgemeinmedizin-frankfurt,1,Orthopädie Frankfurt,Frankfurt am Main,"Ziegelhüttenweg 1-3, 60598 Frankfurt am Main",Orthopäde,d3fb88b5-df1b-47bc-8f09-dbdd193ecd34,https://navoria.de/praxis/frankfurt-am-main/orthopaedie-frankfurt-HW0A7g,0.778
/hausarzt/frankfurt/dr-med-cpanijel-rath-fachrztin-f-allgemeinmedizin-frankfurt,2,HNO Frankfurt,Frankfurt am Main,"Goethestraße 10, 60313 Frankfurt am Main-Innenstadt I",HNO-Arzt,b4ad888a-5e36-4255-8e99-a3b1cdb7ca8d,https://navoria.de/praxis/frankfurt-am-main/hno-frankfurt-o54BvU,0.649
/hausarzt/frankfurt/dr-med-cpanijel-rath-fachrztin-f-allgemeinmedizin-frankfurt,3,Kinderarztpraxis Frankfurt Nord,Frankfurt am Main,"Am Dachsberg 198, 60435 Frankfurt am Main",Kinderarzt,442fd87e-90c4-46e0-9d06-08b3e7ca46b8,https://navoria.de/praxis/frankfurt-am-main/kinderarztpraxis-frankfurt-nord-rfhdlE,0.628
/hausarzt/frankfurt/dr-med-cpanijel-rath-fachrztin-f-allgemeinmedizin-frankfurt,4,Dr. Oboth Orthopädin Frankfurt,Frankfurt am Main,"Rembrandtstraße 14, 60596 Frankfurt am Main-Frankfurt-Süd",Orthopäde,105bb25b-24af-4511-90b4-a9d0e10f581f,https://navoria.de/praxis/frankfurt-am-main/dr-oboth-orthopaedin-frankfurt-Qp4Xj4,0.623
/hausarzt/frankfurt/dr-med-cpanijel-rath-fachrztin-f-allgemeinmedizin-frankfurt,5,Kardiocentrum Frankfurt an der Klinik Rotes Kreuz,Frankfurt am Main,"Königswarterstraße 10, 60316 Frankfurt am Main-Bornheim/Ostend",Kardiologe,71c033a1-2f60-4cb8-a5f3-09e713507c8a,https://navoria.de/praxis/frankfurt-am-main/kardiocentrum-frankfurt-an-der-klinik-rotes-kreuz-LJCS0M,0.616
/hausarzt/freital/dipl-med-kerstin-steinbach-freital,1,Dipl.Med. Karsten Freund,Freital,"Dresdner Str. 111, 01705 Freital",Urologe,afa556ac-9c42-4e37-9680-27e172a24672,https://navoria.de/praxis/freital/diplmed-karsten-freund-8WFlNg,0.526
/hausarzt/freital/dipl-med-kerstin-steinbach-freital,2,"Gastroenterologische Praxis Freital Dr. med. Marc Binder, Dr. med. Ulrich Treptow",Freital,"Dresdner Str. 159, 01705 Freital",Internist,aa3d5623-bbcd-43ca-b987-270a8da83ae8,https://navoria.de/praxis/freital/gastroenterologische-praxis-freital-dr-med-marc-binder-dr-med-ulrich-treptow-D6_ePQ,0.496
/hausarzt/freital/dipl-med-kerstin-steinbach-freital,3,Radiologische Gemeinschaftspraxis Freital Dr. med. Katrin Pietzarka & Thomas Stenzel,Freital,"Bürgerstraße 7, 01705 Freital",Radiologe,bfd4e391-adde-4ab6-ad0a-1cd1d4cbe739,https://navoria.de/praxis/freital/radiologische-gemeinschaftspraxis-freital-dr-med-katrin-pietzarka-thomas-stenzel-iWfQU8,0.493
/hausarzt/freital/dipl-med-kerstin-steinbach-freital,4,Herr Dr. med. Karsten Guhr,Freital,"August-Bebel-Straße 3, 01705 Freital",Urologe,b62aa7bf-13d5-40bb-b8b4-06b13d643d90,https://navoria.de/praxis/freital/herr-dr-med-karsten-guhr-xg-9UE,0.476
/hausarzt/freital/dipl-med-kerstin-steinbach-freital,5,Facharzt für Augenheilkunde Torsten Haufe,Freital,"Dresdner Str. 209, 01705 Freital",Augenarzt,a738bf1c-9d74-4216-aae7-17b69b1c80c7,https://navoria.de/praxis/freital/facharzt-fuer-augenheilkunde-torsten-haufe-5Srizc,0.403
/hausarzt/wiesbaden/herr-olav-heringer-wiesbaden,1,Frau Dr. med. Heike Sturm - Wiesbaden,Wiesbaden,"Heinrich-Zille-Straße 29, 65201 Wiesbaden-Schierstein",Frauenarzt,3cba822e-1b7e-4bae-96b2-17a3763d9041,https://navoria.de/praxis/wiesbaden/frau-dr-med-heike-sturm-wiesbaden-5H4rjM,0.614
/hausarzt/wiesbaden/herr-olav-heringer-wiesbaden,2,ortho² Wiesbaden,Wiesbaden,"Humboldtstraße 9, 65189 Wiesbaden",Chirurg,fa79bea0-8eed-45f3-8a30-3088e7120c50,https://navoria.de/praxis/wiesbaden/ortho-wiesbaden-B8lv80,0.610
/hausarzt/wiesbaden/herr-olav-heringer-wiesbaden,3,DentiMeer Wiesbaden,Wiesbaden,"Wilhelmstraße 36, 65183 Wiesbaden",Kinderarzt,b2333d4c-24aa-4550-8286-52963d9960cc,https://navoria.de/praxis/wiesbaden/dentimeer-wiesbaden-AY-_vI,0.596
/hausarzt/wiesbaden/herr-olav-heringer-wiesbaden,4,MED:ON MVZ Hausarztpraxis Wiesbaden,Wiesbaden,"Bahnstraße 8, 65205 Erbenheim",Internist,ae05b005-cc96-401d-8f83-a03c210454b4,https://navoria.de/praxis/wiesbaden/medon-mvz-hausarztpraxis-wiesbaden-CCVYP4,0.595
/hausarzt/wiesbaden/herr-olav-heringer-wiesbaden,5,Frauenarztpraxis Prof. h.c.* Dr. Med. I.Kocsis - Wiesbaden,Wiesbaden,"Spiegelgasse 13, 65183 Wiesbaden",Frauenarzt,ec7ef995-b25c-41fa-8357-d1244cb01ac6,https://navoria.de/praxis/wiesbaden/frauenarztpraxis-prof-hc-dr-med-ikocsis-wiesbaden-zoTLY4,0.595
/hausarzt/mannheim/prof-dr-med-manfred-hensel-mannheim,1,Z R D Mannheim,Mannheim,"Collinistraße 11, 68161 Mannheim-Oststadt",Radiologe,7af9f69c-c40f-444d-8ce2-0903076cdaf8,https://navoria.de/praxis/mannheim/z-r-d-mannheim-IThvGw,0.778
/hausarzt/mannheim/prof-dr-med-manfred-hensel-mannheim,2,uro mannheim,Mannheim,"Robert-Funari-Str. 2-6, 68309 Mannheim",Urologe,ac2e73c4-6e72-4dd6-870e-ba47fa2aa2a1,https://navoria.de/praxis/mannheim/uro-mannheim-XgdlGs,0.638
/hausarzt/mannheim/prof-dr-med-manfred-hensel-mannheim,3,"Zahnarzt Mannheim - Prof. Hassel, Dr. Hunecke & Kollegen",Mannheim,"Augustaanlage 24, 68165 Mannheim-Oststadt",Zahnarzt,0278b75b-9e7a-4c62-b08f-c877312533d8,https://navoria.de/praxis/mannheim/zahnarzt-mannheim-prof-hassel-dr-hunecke-kollegen-EQrW6o,0.636
/hausarzt/mannheim/prof-dr-med-manfred-hensel-mannheim,4,Zahnarztpraxis Freter | Zahnarzt Mannheim,Mannheim,"Friedrichsring 46, 68161 Mannheim-Oststadt",Zahnarzt,f1ccea15-97ec-44d9-ba65-16b768257763,https://navoria.de/praxis/mannheim/zahnarztpraxis-freter-zahnarzt-mannheim--jaGao,0.603
/hausarzt/mannheim/prof-dr-med-manfred-hensel-mannheim,5,Zahnarztpraxis an den Planken Mannheim,Mannheim,"P3, Planken 12, 68161 Mannheim",Zahnarzt,2c9f1c6f-0ba7-4178-a106-5f8bded26811,https://navoria.de/praxis/mannheim/zahnarztpraxis-an-den-planken-mannheim-RmpV1c,0.596
/hausarzt/betzdorf/drmed-rainer-banzhaf-facharzt-fr-allgemeinmedizin-betzdorf,1,Marien Ambulant - Kardiologische Praxis Betzdorf (Fabian Quirmbach und Denny Kristianto),Betzdorf,"Gontermannstraße 20, 57518 Betzdorf",Kardiologe,06dae824-388f-469a-8f5b-07458d9d8940,https://navoria.de/praxis/betzdorf/marien-ambulant-kardiologische-praxis-betzdorf-fabian-quirmbach-und-denny-kristi-qmqJ_o,0.504
/hausarzt/grevenbroich/frau-monika-plug-gnther-grevenbroich,1,meine Praxis-Neuss Grevenbroich-Neukirchen,Grevenbroich,"Roseller Str. 31, 41516 Grevenbroich-Neukirchen",Physiotherapeut,430ae98e-2e90-4ba2-8fb4-bee5a5460dd9,https://navoria.de/praxis/grevenbroich/meine-praxis-neuss-grevenbroich-neukirchen-s7FPHM,0.539
/hausarzt/grevenbroich/frau-monika-plug-gnther-grevenbroich,2,Rheinland Klinikum Grevenbroich Elisabethkrankenhaus,Grevenbroich,"Von-Werth-Straße 5, 41515 Grevenbroich",Krankenhaus,005a0b95-5d32-48a4-9f0c-db61e2113a27,https://navoria.de/praxis/grevenbroich/rheinland-klinikum-grevenbroich-elisabethkrankenhaus-lIj2Sw,0.513
/hausarzt/grevenbroich/frau-monika-plug-gnther-grevenbroich,3,Praxis für HNO-Heilkunde Kirchesch,Grevenbroich,"Kölner Str. 1, 41515 Grevenbroich",HNO-Arzt,7bf14159-1a65-4f70-ac82-9542e81eacdc,https://navoria.de/praxis/grevenbroich/praxis-fuer-hno-heilkunde-kirchesch-x8knG0,0.346
/hausarzt/grevenbroich/frau-monika-plug-gnther-grevenbroich,4,ZRN - Zentrum für Radiologie und Nuklearmedizin,Grevenbroich,"Kreiskrankenhaus Grevenbroich - St. Elisabeth, Von-Werth-Straße 5, 41515 Grevenbroich",Radiologe,4fd83b40-af20-4f6c-8114-f636ce5df421,https://navoria.de/praxis/grevenbroich/zrn-zentrum-fuer-radiologie-und-nuklearmedizin-HNFCRs,0.346
/hausarzt/sendenhorst/dr-udo-hecke-sendenhorst,1,St. Josef-Stift Sendenhorst,Sendenhorst,"Westtor 7, 48324 Sendenhorst",Krankenhaus,8fe0b46c-c6c8-4f35-9a94-a3ad4b9f64c4,https://navoria.de/praxis/sendenhorst/st-josef-stift-sendenhorst-6yZDJQ,0.584
/arzt/tharandt/myriam-mller-tharandt,1,Myriam Müller,Tharandt,"Roßmäßlerstraße 7, 01737 Tharandt",Psychiater,cfbb25c0-7423-426b-89b8-a16180d2d2e5,https://navoria.de/praxis/tharandt/myriam-mueller-pT_7_g,0.652
/hausarzt/rheda-wiedenbrueck/praxis-m-abou-zeidan-rheda-wiedenbrck,1,OSG Augenpraxis Rheda-Wiedenbrück,Rheda-Wiedenbrück,"Hauptstraße 21, 33378 Rheda-Wiedenbrück",Augenarzt,46c54d2d-accb-4544-ac93-877378fedb92,https://navoria.de/praxis/rheda-wiedenbrueck/osg-augenpraxis-rheda-wiedenbrueck-t8u1pc,0.566
/hausarzt/rheda-wiedenbrueck/praxis-m-abou-zeidan-rheda-wiedenbrck,2,Hauptpraxis Rheda Hanan Alawami,Rheda-Wiedenbrück,"Bahnhofstraße 17A, 33378 Rheda-Wiedenbrück-Rheda",Hautarzt,a0ef2df3-a1ff-4ca0-8512-0ed2ceceec99,https://navoria.de/praxis/rheda-wiedenbrueck/hauptpraxis-rheda-hanan-alawami-bvVDPc,0.470
/hausarzt/rheda-wiedenbrueck/praxis-m-abou-zeidan-rheda-wiedenbrck,3,"Frauenärzte Rheda Dr. med. K. Bulitz, Dr. med. V. Klaus-Konieczny, M. Konieczny, Dr. med. F. Sprenger",Rheda-Wiedenbrück,"Neuer Wall 1, 33378 Rheda-Wiedenbrück-Rheda",Frauenarzt,b664d57a-bcac-4888-a431-ad3e99083f31,https://navoria.de/praxis/rheda-wiedenbrueck/frauenaerzte-rheda-dr-med-k-bulitz-dr-med-v-klaus-konieczny-m-konieczny-dr-med-f-w_5zZY,0.453
/hausarzt/rheda-wiedenbrueck/praxis-m-abou-zeidan-rheda-wiedenbrck,4,Dr. Bernd Daelen,Rheda-Wiedenbrück,"am St. Vinzenz Krankenhaus, Sankt-Vinzenz-Straße 1a, 33378 Rheda-Wiedenbrück-Wiedenbrück",Psychiater,232cb631-fee1-4caa-a4df-71ecd55c98ca,https://navoria.de/praxis/rheda-wiedenbrueck/dr-bernd-daelen-5CNbI4,0.370
/hausarzt/rheda-wiedenbrueck/praxis-m-abou-zeidan-rheda-wiedenbrck,5,"Neuropsychiatrische Praxis - Dres. med. Daelen, Jereczek und Anja Bäumker",Rheda-Wiedenbrück,"Sankt-Vinzenz-Straße 1a, 33378 Rheda-Wiedenbrück",Urologe,c039e2d5-9454-48e6-9f3a-7a71ffa61618,https://navoria.de/praxis/rheda-wiedenbrueck/neuropsychiatrische-praxis-dres-med-daelen-jereczek-und-anja-baeumker-Q-pNxI,0.366
/arzt/erkrath/frau-dr-med-maria-rita-langhorst-erkrath,1,Urologie Neandertal - Praxis Erkrath,Erkrath,"Bergstraße 9, 40699 Erkrath-Hochdahl",Urologe,fb1c5d3e-46b2-41ac-8dfe-e11985a58576,https://navoria.de/praxis/erkrath/urologie-neandertal-praxis-erkrath-3Zf2o0,0.515
/arzt/erkrath/frau-dr-med-maria-rita-langhorst-erkrath,2,MVZ Lumedico Dr. Kanal Erkrath - Augenärztin Dr. Daniela Grünberg,Erkrath,"Bahnstraße 20, 40699 Erkrath",Augenarzt,56cdd941-7d79-4754-8e66-d108ffd967c5,https://navoria.de/praxis/erkrath/mvz-lumedico-dr-kanal-erkrath-augenaerztin-dr-daniela-gruenberg-2ldNNs,0.468
/arzt/erkrath/frau-dr-med-maria-rita-langhorst-erkrath,3,O+U Facharztpraxis Dr. Brankamp,Erkrath,"Am Stadtpark 2, 40699 Erkrath",Orthopäde,cb2873d4-45ec-4b1a-9665-3761d5299d6d,https://navoria.de/praxis/erkrath/ou-facharztpraxis-dr-brankamp-sDD4GA,0.400
/arzt/erkrath/frau-dr-med-maria-rita-langhorst-erkrath,4,Hansten Robert Dr.,Erkrath,"Beckhauser Str. 16, 40699 Erkrath",Urologe,1b634943-5946-414d-9694-0db1f77c9fdc,https://navoria.de/praxis/erkrath/hansten-robert-dr-tPbxf8,0.385
/arzt/erkrath/frau-dr-med-maria-rita-langhorst-erkrath,5,Privatpraxis für Dermatologie und Ästhetik,Erkrath,"Heinrich-Hertz-Straße 7, 40699 Erkrath-Unterfeldhaus",Hautarzt,0f0e12cc-40c9-408f-b077-343aeabc4c28,https://navoria.de/praxis/erkrath/privatpraxis-fuer-dermatologie-und-aesthetik-nRs7vU,0.373
/arzt/apolda/dr-med-stefan-teweleit-fa-innere-medizin-apolda,1,Herr Dipl.-Med. Stefan Kowalik,Apolda,"Goerdelerstraße 2, 99510 Apolda",Urologe,b239b798-6a76-46ad-9b35-7f95eaf0f11b,https://navoria.de/praxis/apolda/herr-dipl-med-stefan-kowalik-MousqQ,0.557
/arzt/apolda/dr-med-stefan-teweleit-fa-innere-medizin-apolda,2,HNO-APOLDA Dr. med. Kai Fritzsche,Apolda,"Heidenberg 24A, 99510 Apolda",HNO-Arzt,565f1b68-e7aa-4365-871d-4110efc702ec,https://navoria.de/praxis/apolda/hno-apolda-dr-med-kai-fritzsche-rMAXx8,0.474
/arzt/apolda/dr-med-stefan-teweleit-fa-innere-medizin-apolda,3,MVZ Apolda GmbH - Praxis für Chirurgie,Apolda,"Jenaer Str. 66, 99510 Apolda",Chirurg,bd6cb7ef-d669-4b11-a28e-9e05d49d6ac8,https://navoria.de/praxis/apolda/mvz-apolda-gmbh-praxis-fuer-chirurgie-5MRZFU,0.448
/arzt/apolda/dr-med-stefan-teweleit-fa-innere-medizin-apolda,4,Robert-Koch-Krankenhaus Apolda GmbH Praxis für Chirurgie,Apolda,"Jenaer Str. 66, 99510 Apolda",Chirurg,4fc3cc97-7774-47e6-a4e0-1cf6977959e3,https://navoria.de/praxis/apolda/robert-koch-krankenhaus-apolda-gmbh-praxis-fuer-chirurgie--7UrHs,0.442
/arzt/apolda/dr-med-stefan-teweleit-fa-innere-medizin-apolda,5,Dr. med. Ricarda Retzlaff,Apolda,"Buttstädter Str. 1, 99510 Apolda",Hautarzt,7755ee11-3df3-4ace-8079-d698319c113c,https://navoria.de/praxis/apolda/dr-med-ricarda-retzlaff-kxDSDA,0.329
/hausarzt/bad/herr-dr-med-rainer-eisele-bad,1,Dr.med. Rainer Leipert,Bad Wimpfen,"Hauptstraße 57-59, 74206 Bad Wimpfen",Orthopäde,b13b8ac6-7600-4c64-be77-da64ece9266e,https://navoria.de/praxis/bad-wimpfen/drmed-rainer-leipert-xxZXY4,0.605
/hausarzt/bad/herr-dr-med-rainer-eisele-bad,2,RNS Gemeinschaftspraxis GbR - Bad Soden,Bad Soden am Taunus,"Prof.-Much-Straße 2, 65812 Bad Soden am Taunus",Radiologe,f9c227c0-dfce-4cce-a379-fb53b79d6365,https://navoria.de/praxis/bad-soden-am-taunus/rns-gemeinschaftspraxis-gbr-bad-soden-7JpSps,0.575
/hausarzt/bad/herr-dr-med-rainer-eisele-bad,3,HNO Praxis Bad Vilbel Dr. med Jochen Rapp,Bad Vilbel,"Marktpl. 2, 61118 Bad Vilbel",HNO-Arzt,1d0eb5c4-4960-4337-a369-7d959bb67a6b,https://navoria.de/praxis/bad-vilbel/hno-praxis-bad-vilbel-dr-med-jochen-rapp-X0A1ZQ,0.520
/hausarzt/bad/herr-dr-med-rainer-eisele-bad,4,RADIOLOGIE TEAM Bad Oeynhausen,Bad Oeynhausen,"Am Kokturkanal 2, 32545 Bad Oeynhausen",Radiologe,cd8de962-4f87-40c5-9c19-f86dbcf3f26c,https://navoria.de/praxis/bad-oeynhausen/radiologie-team-bad-oeynhausen-PK34hY,0.512
/hausarzt/bad/herr-dr-med-rainer-eisele-bad,5,Dr. med. Reimar Domke,Bad Doberan,"Goethestraße 19, 18209 Bad Doberan",Urologe,4a9109a1-0592-4e8c-bd95-e2fb964a9bc8,https://navoria.de/praxis/bad-doberan/dr-med-reimar-domke-dmMVjI,0.507
/hausarzt/landsberg/frau-dr-med-doreen-langer-landsberg,1,MVZ Landsberg GmbH,Landsberg,"Leipziger Str. 4, 06188 Landsberg",Frauenarzt,581ce689-bc56-4fa1-9770-499b9fc6fbbb,https://navoria.de/praxis/landsberg/mvz-landsberg-gmbh-Xxpx74,0.568
/hausarzt/landsberg/frau-dr-med-doreen-langer-landsberg,2,Apotheke im Halle-Center,Landsberg,"Saarbrücker Str. 1, 06188 Landsberg-Peißen",Apotheke,bfc159a8-bac8-434b-aacf-0026ca746da9,https://navoria.de/praxis/landsberg/apotheke-im-halle-center-GRHIsA,0.393
/hausarzt/landsberg/frau-dr-med-doreen-langer-landsberg,3,Herr Dipl.-Med. Harald Rudolph,Landsberg,"An der, Köthener Str. 4, 06188 Landsberg",Frauenarzt,3973e7f4-2c93-4b36-94da-63ed47f8e708,https://navoria.de/praxis/landsberg/herr-dipl-med-harald-rudolph-8J9z4c,0.338
/hausarzt/landsberg/frau-dr-med-doreen-langer-landsberg,4,Frau Dipl.-Med. Anja Nieß,Landsberg,"Otto-Quandt-Straße 11, 06188 Landsberg",Chirurg,79d83fd9-8e33-44de-91fc-5673b3345fba,https://navoria.de/praxis/landsberg/frau-dipl-med-anja-niess-X0ulwk,0.338
/hausarzt/landsberg/frau-dr-med-doreen-langer-landsberg,5,Dr. med. Petra Prietzsch,Landsberg,"Gewerbehof 1, 06188 Landsberg-Peißen",Kardiologe,5cb9772d-838e-408c-a902-4f7ee2ba0ec8,https://navoria.de/praxis/landsberg/dr-med-petra-prietzsch-T0kpJk,0.320
/hautarzt/baunatal/frau-dr-med-regina-hahn-baunatal,1,Einhorn Apotheke Baunatal,Baunatal,"Marktpl. 16, 34225 Baunatal",Apotheke,0a9bc8c5-1bf4-4a82-880b-4019eee1ee70,https://navoria.de/praxis/baunatal/einhorn-apotheke-baunatal-0tLK0g,0.560
/hautarzt/baunatal/frau-dr-med-regina-hahn-baunatal,2,Orthopädische Praxisklinik Baunatal Medizinisches Versorgungszentrum,Baunatal,"Stettiner Str. 4, 34225 Baunatal-Großenritte",Orthopäde,02fea788-c7b1-4d90-96c2-cfcfc763caed,https://navoria.de/praxis/baunatal/orthopaedische-praxisklinik-baunatal-medizinisches-versorgungszentrum--Z96ZE,0.545
/hautarzt/baunatal/frau-dr-med-regina-hahn-baunatal,3,Kardiologie Baunatal - Zweigpraxis der B. Braun Ambulantes Herzzentrum Kassel MVZ GmbH,Baunatal,"Stettiner Str. 5, 34225 Baunatal-Großenritte",Kardiologe,93b055d1-f8c0-457d-bc03-4be37ed7edef,https://navoria.de/praxis/baunatal/kardiologie-baunatal-zweigpraxis-der-b-braun-ambulantes-herzzentrum-kassel-mvz-g-8XCR8M,0.526
/hautarzt/baunatal/frau-dr-med-regina-hahn-baunatal,4,Kinderarzt Baunatal - Fr. Dr. Hößl & Fr. Tabari Rad & Fr. Dr. Willi,Baunatal,"Marktstraße 2, 34225 Baunatal",Kinderarzt,3470e64f-0226-4034-a0cd-29810ea0b9a2,https://navoria.de/praxis/baunatal/kinderarzt-baunatal-fr-dr-hoessl-fr-tabari-rad-fr-dr-willi-aBnI2M,0.526
/hautarzt/baunatal/frau-dr-med-regina-hahn-baunatal,5,MVZ Gesundheit Nordhessen I HNO Praxis Baunatal,Baunatal,"Stettiner Str. 5, 34225 Baunatal",HNO-Arzt,400248eb-dee9-4459-8817-dd4ce1ceafeb,https://navoria.de/praxis/baunatal/mvz-gesundheit-nordhessen-i-hno-praxis-baunatal-4qTmh4,0.526
/hausarzt/frankfurt/frau-dr-med-gabriele-federlein-frankfurt,1,Orthopädie Frankfurt,Frankfurt am Main,"Ziegelhüttenweg 1-3, 60598 Frankfurt am Main",Orthopäde,d3fb88b5-df1b-47bc-8f09-dbdd193ecd34,https://navoria.de/praxis/frankfurt-am-main/orthopaedie-frankfurt-HW0A7g,0.778
/hausarzt/frankfurt/frau-dr-med-gabriele-federlein-frankfurt,2,Frauenarzt Dr. Gabriel Macicasan - Frankfurt,Frankfurt am Main,"Bockenheimer Landstraße 106, 60323 Frankfurt am Main-Innenstadt II",Frauenarzt,828fce42-39c2-4d01-b5d6-0c9ebefe1168,https://navoria.de/praxis/frankfurt-am-main/frauenarzt-dr-gabriel-macicasan-frankfurt-zdxlqo,0.673
/hausarzt/frankfurt/frau-dr-med-gabriele-federlein-frankfurt,3,Menopause Frankfurt | Dr. Gabriela Cracovschi,Frankfurt am Main,"Brönnerstraße 15, 60313 Frankfurt am Main",Frauenarzt,6115f345-e880-408f-a372-ea6f6a9ca0ad,https://navoria.de/praxis/frankfurt-am-main/menopause-frankfurt-dr-gabriela-cracovschi-BiUHis,0.656
/hausarzt/frankfurt/frau-dr-med-gabriele-federlein-frankfurt,4,HNO Frankfurt,Frankfurt am Main,"Goethestraße 10, 60313 Frankfurt am Main-Innenstadt I",HNO-Arzt,b4ad888a-5e36-4255-8e99-a3b1cdb7ca8d,https://navoria.de/praxis/frankfurt-am-main/hno-frankfurt-o54BvU,0.649
/hausarzt/frankfurt/frau-dr-med-gabriele-federlein-frankfurt,5,Kinderarztpraxis Frankfurt Nord,Frankfurt am Main,"Am Dachsberg 198, 60435 Frankfurt am Main",Kinderarzt,442fd87e-90c4-46e0-9d06-08b3e7ca46b8,https://navoria.de/praxis/frankfurt-am-main/kinderarztpraxis-frankfurt-nord-rfhdlE,0.628
/hausarzt/boeblingen/dr-iavorschi-bblingen,1,Urologie Böblingen,Böblingen,"Poststraße 41, 71032 Böblingen",Urologe,44eb74cf-901e-4b21-b7cc-e56d9e1f88ed,https://navoria.de/praxis/boeblingen/urologie-boeblingen-JLepns,0.657
/hausarzt/boeblingen/dr-iavorschi-bblingen,2,HNO PD DR MED UNIV SCHWENTNER & KOLLEGEN - Standort Böblingen,Böblingen,"Poststraße 6, 71032 Böblingen",HNO-Arzt,c3df0548-09dc-49d7-a91a-d914d0c34352,https://navoria.de/praxis/boeblingen/hno-pd-dr-med-univ-schwentner-kollegen-standort-boeblingen-MZaTI4,0.615
/hausarzt/boeblingen/dr-iavorschi-bblingen,3,Kliniken Böblingen - Klinikverbund Südwest,Böblingen,"Bunsenstraße 120, 71032 Böblingen",Krankenhaus,4a60af4f-1223-4a62-8467-0fffebc255e7,https://navoria.de/praxis/boeblingen/kliniken-boeblingen-klinikverbund-suedwest-TtFUws,0.615
/hausarzt/boeblingen/dr-iavorschi-bblingen,4,Psychiatrisches Behandlungszentrum Böblingen,Böblingen,"Bunsenstraße 120, 71032 Böblingen",Psychiater,c4772f66-878f-4702-9bc9-c7e1acf5ebc6,https://navoria.de/praxis/boeblingen/psychiatrisches-behandlungszentrum-boeblingen-p7nv8g,0.615
/hausarzt/boeblingen/dr-iavorschi-bblingen,5,Gemeinschaftspraxis Dr. med. G. Hensinger und A. Kimminich,Böblingen,"Hauptstraße 9, 71034 Böblingen-Dagersheim",Hausarzt,ce2e7d9b-41c7-461f-ba77-f25270eae264,https://navoria.de/praxis/boeblingen/gemeinschaftspraxis-dr-med-g-hensinger-und-a-kimminich-pCTCZs,0.468
/zahnarzt/bad/herr-dr-ernst-georg-schwerdtfeger-bad,1,RNS Gemeinschaftspraxis GbR - Bad Soden,Bad Soden am Taunus,"Prof.-Much-Straße 2, 65812 Bad Soden am Taunus",Radiologe,f9c227c0-dfce-4cce-a379-fb53b79d6365,https://navoria.de/praxis/bad-soden-am-taunus/rns-gemeinschaftspraxis-gbr-bad-soden-7JpSps,0.535
/zahnarzt/bad/herr-dr-ernst-georg-schwerdtfeger-bad,2,Herr Dr. med. Georg-H. Ludwig,Bad Schwartau,"Anton-Baumann-Straße 1, 23611 Bad Schwartau-St. Lorenz Nord",Orthopäde,8bc3003f-381a-424b-900e-ab8dd7531dcf,https://navoria.de/praxis/bad-schwartau/herr-dr-med-georg-h-ludwig-mfI0bo,0.510
/zahnarzt/bad/herr-dr-ernst-georg-schwerdtfeger-bad,3,OrthoCentrum Bad Schwartau,Bad Schwartau,"Lübecker Str. 22, 23611 Bad Schwartau",Orthopäde,563619c9-dfdf-45b3-85bd-0747f6c64e94,https://navoria.de/praxis/bad-schwartau/orthocentrum-bad-schwartau--Co6YI,0.509
/zahnarzt/bad/herr-dr-ernst-georg-schwerdtfeger-bad,4,HNO-Praxis Bad Schwartau Dr. Brus & Dr. Breda,Bad Schwartau,"Anton-Baumann-Straße 1, 23611 Bad Schwartau",HNO-Arzt,9ab88af6-dad4-40fd-a0d5-66b1e9d5bbb0,https://navoria.de/praxis/bad-schwartau/hno-praxis-bad-schwartau-dr-brus-dr-breda-98kEvQ,0.480
/zahnarzt/bad/herr-dr-ernst-georg-schwerdtfeger-bad,5,Dr. med. Anne Buhr | HNO-Praxis Bad Doberan,Bad Doberan,"Goethestraße 1a, 18209 Bad Doberan",HNO-Arzt,a22124cd-59b2-4431-85d0-696c149e2fc9,https://navoria.de/praxis/bad-doberan/dr-med-anne-buhr-hno-praxis-bad-doberan-Tb-eow,0.480
/hausarzt/plochingen/dr-kathrin-herre-plochingen,1,GYN Plochingen Dr. Hauser Dr. Landauer,Plochingen,"Am Fischbrunnen 2, 73207 Plochingen",Frauenarzt,07cc11f8-b016-403d-9d77-ea4d3ebdf437,https://navoria.de/praxis/plochingen/gyn-plochingen-dr-hauser-dr-landauer-yuplV0,0.662
/hausarzt/plochingen/dr-kathrin-herre-plochingen,2,Dermatologie Plochingen Dr. Beck Dr. Maier,Plochingen,"Zehntgasse 1, 73207 Plochingen",Hautarzt,0cd60956-5a06-403b-8450-284959f7e4d3,https://navoria.de/praxis/plochingen/dermatologie-plochingen-dr-beck-dr-maier-YkoVaE,0.556
/hausarzt/plochingen/dr-kathrin-herre-plochingen,3,Christopher Link Facharzt für Chirurgie,Plochingen,"Neckarstraße 3, 73207 Plochingen",Chirurg,38c997b5-d51f-4a3e-81cd-bbd8ebe1437a,https://navoria.de/praxis/plochingen/christopher-link-facharzt-fuer-chirurgie-EfFKhs,0.378
/hausarzt/plochingen/dr-kathrin-herre-plochingen,4,Herr Dr. med. Florian Bopp,Plochingen,"Neckarstraße 3, 73207 Plochingen",Chirurg,e197a78d-debd-4367-858b-add666ec307e,https://navoria.de/praxis/plochingen/herr-dr-med-florian-bopp-GW1GHc,0.353
/hausarzt/plochingen/dr-kathrin-herre-plochingen,5,Chirurgie im Hundertwasserhaus,Plochingen,"Neckarstraße 3, 73207 Plochingen",Chirurg,bfce4ffc-8705-4c5f-a917-b4838a756562,https://navoria.de/praxis/plochingen/chirurgie-im-hundertwasserhaus-KMNrF4,0.343
